uid,car_vin,car_company,car_model,car_model_year,car_color
3957e888-a631-4131-b347-c33649c43c80,2T2BK1BA9FC229611,Dodge,Ram Wagon B350,1993,Purple
f10af486-8477-4732-a07c-02b61c997bc0,SCFAB01E19G822966,Eagle,Summit,1993,Crimson
06356e29-f623-4df7-9b6f-c3d0446a75ea,WDDNG9FBXDA586694,Saturn,L-Series,2002,Aquamarine
85277402-29f3-42b8-91dd-fb4646fce7e6,3N1CE2CP8FL461948,Mazda,Navajo,1992,Mauv
28b420a4-4498-4b68-a11c-3fc1a491cb31,1FTSW2B51AE990976,MINI,Cooper,2011,Fuscia
9c7cfdef-5042-4fe2-8d1a-f46bf40eef66,WBA3B9G53FN754726,Dodge,Ram Van 1500,1997,Green
57bc2ea1-6576-49d2-a971-3f706169f4dc,JM1NC2LF5F0835531,Nissan,Frontier,2004,Mauv
351359bc-fc92-4867-bd41-02927d453497,1VWAH7A39DC700681,GMC,Jimmy,1997,Puce
bf97fc4b-fd05-4bbe-923e-def1fe422208,WA1EFCFS8FR737685,Ford,Explorer,2012,Teal
c2967a09-401c-4f89-96c5-0b9410947784,4A31K3DT2AE592314,Nissan,240SX,1996,Fuscia
ffc14ce7-186f-468c-b03f-9b0a9c09ce55,WBA5A5C5XFD616441,Cadillac,Seville,2000,Purple
25bb9133-1803-40de-84c6-0452328d1169,1FADP5BU5DL779951,Infiniti,QX,2005,Blue
97c237dc-5c97-420e-a2de-e10904f9a873,WAU4FAFR7BA867045,Jeep,Patriot,2007,Mauv
15d6969c-2f42-43f6-be9f-eb5d1820e0a0,1YVHZ8BA0A5650720,Audi,4000s,1986,Red
e8a36962-a819-4b69-bdde-84eb096247d8,1GD02ZCG1CF377022,Infiniti,QX56,2011,Crimson
b951145d-a5a1-4e0d-8e20-e578dc8d5035,JN1AY1AP4CM130944,Subaru,Brat,1984,Puce
3534fecb-b619-4043-8b47-aebc61ea652a,WAUDH48H27K716759,Kia,Sorento,2004,Teal
95280d22-5024-465e-9ce5-d763eccdfc2d,SCFHDDAJ4BA382604,Subaru,XT,1990,Goldenrod
3bd871e6-2ce8-4e50-b79d-69343fcd2641,2C3CCAHG9CH668573,Lincoln,Continental Mark VII,1989,Yellow
22b01a85-7e70-4587-a5bb-10534171c009,WP0AB2A84CS141242,GMC,Acadia,2011,Aquamarine
36f23b21-eade-45a5-a8ee-7de176da66f1,3D73M3CL4BG048646,Nissan,Frontier,2000,Turquoise
1107e6de-fb05-4ffa-953f-72c19773f5a7,2FMDK4GC2AB337569,Chevrolet,Corvette,1972,Teal
ef09a9be-8386-4898-84a4-6746cd9adbb9,WAUDL74F96N186839,Acura,NSX,2000,Mauv
baf2c69d-2049-4f0c-9c0c-1e1643d56b7b,1G6DJ577480230265,Dodge,Dakota,2010,Indigo
a545dbbd-1109-444f-8d50-22053f289b7c,3C6TD5JT6CG147308,Land Rover,Range Rover Classic,1993,Red
b97cda09-2933-4453-9f03-4252f4b597a2,2LMDJ6JK2FB897394,Toyota,Tacoma,2005,Goldenrod
7a2557b0-70ae-4e0a-b72e-6924dc35edba,3D7TT2CT4AG773255,Dodge,Stratus,2002,Red
5487fdf4-0388-4cbe-8e8f-eec415d0ab0b,JTJBC1BA9E2599842,Scion,xB,2012,Teal
074fdace-04d6-4dad-a3e5-39e59b9f2e7c,WA1CGBFE0ED245897,Pontiac,Firebird,1995,Violet
2470d23f-552e-4577-b193-e774ac831f91,WAURGAFD0EN638274,Ford,F-Series Super Duty,2012,Pink
7bacd7c7-0ed4-4854-a347-8b5378dcb063,4T1BF1FK4CU508485,Acura,RDX,2010,Teal
a1070047-3a7b-4ccc-9e94-7ed957bdef5c,1G4GF5E36DF375290,Volkswagen,Eurovan,2002,Turquoise
8668385a-d0ef-4ba2-8831-21a7f8365e27,WAUAF98E57A398461,Audi,A4,1997,Aquamarine
6ce5ee15-7623-401c-a09c-3e8ad745f6ee,TRURD38J291194652,GMC,Sierra 2500,1999,Blue
834a695f-6449-476f-b55a-73407b192e02,WAU4GBFBXBN906578,Lincoln,Navigator L,2012,Indigo
6659c68b-eb3b-465a-9a15-65ef501b3d9c,WAUKH74F17N662091,Chevrolet,Uplander,2007,Red
7c22b3c9-7512-4eda-915e-48e8eac5c603,WBALM7C51CE085677,GMC,Rally Wagon 3500,1994,Turquoise
0b7315ce-d9dd-4acd-905b-5d912d64365d,3HGGK5G54FM616783,Lamborghini,Countach,1990,Pink
774fdcf9-80c6-4d07-b5cf-5e081c2420f7,1GYS3RKJ3FR728162,Mitsubishi,Pajero,1992,Blue
ae9f5320-2c9a-47bc-b103-70dcd4609734,1FBNE3BL0ED765789,Bentley,Continental GT,2010,Turquoise
5ef2a9e1-b4d0-444e-a0a1-c876705ed688,WAUHGBFC0DN058711,Toyota,Solara,1999,Pink
3fa0245f-7158-437e-975b-2b19591ebc9a,3VW467AT2DM393453,Ford,Mustang,1992,Aquamarine
f398d392-4eba-45c9-9bff-ad636e673d26,WAUJT64B64N083367,Ferrari,430 Scuderia,2009,Goldenrod
a8f5400e-6b63-4a46-a9b0-b1d2144167dd,WAUKG98E66A642702,Ford,E150,1984,Turquoise
f4b91dd1-6019-4839-948e-5c4e369cb046,5TDDK3DC6BS749502,Pontiac,Grand Prix,1999,Yellow
fd94a01d-92d7-4ba0-897c-a5c45ddb8b42,2FMGK5BC2BB467752,Ford,Laser,1988,Puce
2d633ca7-a187-4d89-8a4a-ffd18309ec41,SCBFH7ZA6FC188816,Mitsubishi,GTO,1993,Blue
b5672f1c-7d3b-4bfa-9499-8f4b50e5e4cf,1G4PS5SK9D4771183,Honda,CR-V,2012,Fuscia
dfc35b02-9f69-4c27-bd24-fda5f3a1f9a0,5FRYD4H22EB808684,Subaru,Justy,1992,Yellow
da66bfad-5ece-420c-8f76-7c6f1d9641ac,5TDBW5G10BS425303,Ford,Taurus,1987,Indigo
b606199c-0a88-4cf6-9a9d-34d381036c7b,2C3CCAEG3DH314148,Acura,TL,2000,Orange
e5e41190-9d0c-483b-b76b-664290398480,3C4PDDGG8FT851777,Bugatti,Veyron,2009,Aquamarine
92f00b6c-afd6-481f-af92-97caa564264a,4T1BF1FK4FU298426,Ford,E250,2009,Aquamarine
e3c27282-cff1-4ecb-8157-b9756712fa96,1G6DU6EAXA0350606,Lincoln,Town Car,1995,Indigo
4f54068a-da1d-4692-85ea-68e44f667935,JTHKD5BH1B2748467,Subaru,Outback Sport,2002,Goldenrod
cfe885d8-7f88-4318-b86f-ca6e026ef645,1C4RDHEG0DC333397,Cadillac,DTS,2007,Indigo
d76994ff-8bca-49c6-8dae-c7e6a8b86098,TRUSC28N831931135,Volvo,V50,2006,Crimson
e3f11cf1-0d1c-48f8-8d03-80e388afb7b3,WBA3A5G59DN103061,Eagle,Talon,1992,Puce
a66eea07-b8a5-468b-86b0-8f3c8ec62e51,5N1AA0ND7EN354875,Mercedes-Benz,W201,1984,Turquoise
3c97b9e6-5a14-4ce0-824b-bf52ccce9818,JM1NC2LF6F0489389,Volkswagen,Passat,1992,Aquamarine
deab79ab-d448-40a5-935c-89cba3d3be22,5N1AR2MM6FC602262,Pontiac,Firebird,1999,Purple
a4381b05-eb25-45c9-b4f2-788140701861,4JGBF2FE4AA189099,Dodge,Ram Van 2500,2002,Blue
9d28c6d5-d3e8-4c78-8951-3fbf7c549694,WBAUN7C58DV110173,Volkswagen,GTI,2010,Violet
b53765e6-d163-4950-afed-d02ded0d8ea5,SAJWA4HA4EM999235,Mitsubishi,Mirage,1987,Maroon
5d2f2018-8816-4274-b377-dc6ea8b6ceb6,SALFR2BN1BH434610,Chrysler,Voyager,2003,Turquoise
bad94600-8b8f-446b-bee4-cc097dc4d339,WBAKG1C51CJ280833,Kia,Spectra,2006,Yellow
7ea7ce0e-d4ff-4b8d-a8a2-d0f750809068,WBA3B5C58DJ849589,Volkswagen,Passat,2009,Goldenrod
1c906bd2-b3ca-4c01-b12b-9ef4c60ebc00,2FMDK3GC8BB477251,Nissan,Cube,2011,Goldenrod
a14169fb-4541-476a-a0e8-683c2d73ff93,JTMHY7AJ1A5447999,Isuzu,Rodeo,1998,Teal
27da5dcf-9b6c-4dd1-ae78-9b62cd9bb79a,1N4AA5AP8CC614037,Nissan,Xterra,2006,Khaki
4955535f-c924-4097-8060-44ed3781ec56,NM0KS6BN2AT214452,Mercury,Capri,1992,Green
c399d263-816f-4f5c-ab7d-3be92ec25191,1G4PT5SV0F4645661,Acura,RL,2007,Pink
4ba75c9f-113a-4aac-ad33-055163bc54eb,1FTSE3EL2AD421353,Lincoln,MKT,2011,Puce
1761ff70-fe32-45d9-a334-6a52004b208a,3GYFNJE48AS712550,Cadillac,CTS,2005,Red
687ebc5b-ee88-448a-b6bb-6424f69b5513,WBAVB33506P140152,Chevrolet,2500,1995,Khaki
0404c70e-650a-4a8f-9d4d-298244804496,WAUMR94E69N293742,Lincoln,Navigator L,2011,Indigo
1e644e5c-811c-4de5-b47c-16b555ddeeb1,WBAFU7C58DD627023,Saturn,S-Series,2001,Red
fc48d7dc-a587-4ed1-b17f-3ad77f443fd1,SCBBR9ZA4AC759476,Mercury,Cougar,2001,Goldenrod
f893ead7-894a-47c9-9565-d03b82432374,1N6AF0LY4FN343987,Toyota,MR2,1992,Turquoise
eaec6a6f-5d8a-46a6-a939-768974f28cd6,19XFB2E22CE201971,Toyota,Corolla,2009,Orange
2606273e-ac4c-4c31-a0fa-1ea45a5e4f34,WAUSH74F37N765917,Volvo,C70,2008,Pink
d38a5340-c579-4b26-a6d9-867643a84e9d,WAUCFAFC8DN587749,Ford,Explorer,2003,Mauv
a9c5fcc8-1a1a-4c62-a118-db3066fb4516,WAUJT68E64A336070,Toyota,Tercel,1998,Blue
57f64bcc-afb0-4047-9dea-704264a32cf6,YV1672MKXA2262251,Honda,S2000,2006,Pink
4c35a726-249e-45c4-81a3-c68c529a787d,JTDZN3EU2E3969231,Ford,Festiva,1990,Crimson
118f7a33-0613-49c8-b2f7-22bd3d3c5b09,JN8AS5MT3AW888231,BMW,745,2002,Goldenrod
ca5afda3-5cd7-42df-91d6-52651778c557,1C4PJLAK2CW222540,Dodge,D250 Club,1992,Green
ef386610-49fb-4a85-842b-f7c87636c958,1FAHP3EN9BW219887,Subaru,Tribeca,2011,Crimson
d87f4bfc-3c53-4770-b7aa-0e4893325a4d,1G6KD57968U573149,Saturn,Ion,2006,Pink
58541656-2784-4750-a4de-ba9954adc406,WDDHF2EB6BA881345,Audi,Allroad,2005,Fuscia
144210fa-dee3-48f4-8230-04c0988efd13,WAUDH74F08N543135,Volkswagen,Passat,1992,Green
79fa2df2-0a52-40e8-a27a-646055e0c119,1N4AL3AP2EC713633,Chevrolet,SSR,2003,Aquamarine
d7dc6657-f22f-45ae-a63d-ec48df5214d4,2G4GV5GV1D9706450,Suzuki,Reno,2006,Blue
1619b1ae-f04c-4509-90d7-7c3ea757c0ae,JH4CU2F63CC519229,Audi,Q7,2010,Purple
d27c946f-de14-4cce-b640-e1b5db287026,WA1DKAFP3CA071773,Mitsubishi,Endeavor,2006,Violet
195c636b-1f56-478d-99ad-95830f78192b,5FRYD4H8XFB796855,Volvo,V50,2005,Mauv
510d8475-e60b-4752-85c3-e26287d22ce8,WBADN53453G844753,BMW,5 Series,2008,Purple
fab10626-5301-4221-a51d-159ba6f57a95,19UUB2F50FA976522,Chevrolet,Corvette,1956,Yellow
2df32b6d-2bc2-4ad7-a8c6-3fb35043e8bf,WAUGL98E18A910611,Renault,Alliance,1983,Khaki
7ba528fd-8207-4fd4-b3ce-d6c9f66201ee,3C63DPKL6CG780272,Subaru,B9 Tribeca,2007,Teal
f4ae3af5-9d26-4df2-aa42-e2a9a0b13f1a,3HGGK5G55FM176024,Acura,Integra,2001,Turquoise
8b3df057-5a5a-4624-843a-5dcd873ebb63,JTHDU1EF9E5226507,Ford,E-Series,1988,Orange
37c4e408-c39f-44af-99e1-d68cf211c7a0,WAULT68E25A484288,Dodge,Ram 1500,2009,Khaki
37a15fb3-ca72-4b47-9938-976e9d447a87,NM0KS7DN4AT357454,Mercedes-Benz,C-Class,1997,Fuscia
2095c3b8-652b-4431-b7ab-7243c474a2be,1G6DA8EG7A0648569,Mitsubishi,Cordia,1987,Indigo
0537e33a-240e-48cd-a03b-52ddd02ddf74,1C4NJPBA5CD708596,Dodge,D250 Club,1992,Fuscia
1cbcc5fb-82b1-40f2-9f3e-7760107fd015,1N6AA0CC8FN264132,Mercury,Cougar,1995,Indigo
934c8202-0766-4d98-be3c-34d3dd1b913d,WAUWFAFR1AA460698,BMW,X5,2013,Turquoise
fe3e5064-1d7c-43b0-9cf3-ce4746c54951,WAUJFAFH2EN721420,Buick,Park Avenue,2003,Goldenrod
4e0d9d54-ec93-40fe-9b4c-4c8c8307df51,3D4PH6FV2AT489490,Subaru,Baja,2006,Orange
bf9e8b9a-70d5-4af3-85c7-6090c44585b4,1G6DL8EG4A0563666,Mitsubishi,Eclipse,1994,Yellow
f7a9883d-796c-4921-b231-d4145c5aa111,WAUCFAFR4DA138371,Plymouth,Laser,1991,Fuscia
7a9243bb-e35f-4e0c-a1bb-fb3d4382cf57,WBA3A5G54CN826721,Hyundai,XG350,2003,Crimson
c3a65f3a-efff-4949-9240-e97f3f14cde6,SCBBB7ZH3BC462948,Ford,E350,2008,Maroon
801e762b-6fdd-4666-a4d9-1fb93832c061,WBAKE5C53DJ043789,Chrysler,300M,1999,Indigo
e4377050-9aae-460c-a5bb-bd14c9063905,1FTSW3B59AE023442,Toyota,4Runner,2010,Turquoise
3bb7146a-69cb-496d-a2c8-51c8f682f209,WAULT68EX5A841877,Acura,RL,2004,Fuscia
f2905c61-4c39-4138-9a15-9be3e83233e3,1C4RJEAG9FC495836,Pontiac,Grand Prix,1997,Turquoise
d1a6f56a-f4f5-4e92-8335-7ae96e24f755,1C4RDJAG5DC293511,Chevrolet,Camaro,1972,Crimson
0882c32b-8063-4faf-81f8-790976a98806,WAUXL68E15A383907,BMW,3 Series,2000,Orange
de035dc7-0353-4fe6-81be-0d2ddb1e338f,1FMJK1F5XAE500073,Ford,LTD Crown Victoria,1984,Teal
73272771-6884-4868-91d8-3f4666d3ec58,1G6DM5ED0B0754617,Acura,Integra,1993,Puce
b42e7a19-1a89-4caa-b7ed-c1c31dd9517a,19UUA66256A197987,Dodge,Dakota Club,1996,Goldenrod
a8935913-ee55-48c8-8927-183adbfc4cbf,1NXBU4EE4AZ110080,Dodge,Magnum,2006,Aquamarine
cbc3e167-9ade-434a-ac8a-4c52f1343b73,5N1AN0NU4AC393806,Kia,Optima,2004,Aquamarine
3d8c2e1a-8ac3-4171-a5a8-4dcb23a8b04e,3D7TT2CTXBG585468,Honda,Civic Si,2003,Maroon
b881cb5e-fc90-48d9-aa77-812272b4dcb9,3GYFNDEY0BS540200,Lamborghini,Countach,1988,Puce
deddc5ea-4292-4b90-9777-0bdbae6dbea5,ML32A3HJ9FH440428,Hyundai,Sonata,1996,Mauv
f9b283e4-15c1-46f9-9488-b0e8dc5b8ab7,3LN6L2LU0DR666076,Land Rover,Range Rover,1993,Red
2a15d5f2-144d-463b-a2e2-42a940f7a79c,19UUA8F28EA057507,Lamborghini,Diablo,1998,Turquoise
8d452e39-0b61-46f7-a7d3-f05570b754d7,WUALNAFG1EN091611,Nissan,Altima,1994,Orange
41490876-2e48-4fee-a500-3ad2a8cc39bb,1FMEU7EE1AU135806,Suzuki,Sidekick,1995,Teal
510e74e9-6624-46b3-a3d1-b513cc0638a3,WBAEK13567C771307,Honda,Civic,2000,Puce
a5a994e0-17b9-4a6f-bba5-b0131ba20bb5,3C4PDDEG6ET632284,Chevrolet,Impala,2005,Teal
fe87b2d7-862b-4799-a829-2fe67994c119,JN1AJ0HP2BM830531,Chevrolet,APV,1993,Aquamarine
02566a2c-48d3-4fec-a722-65a7956d42e0,1FTEW1CM7BK460799,Mazda,MPV,1998,Goldenrod
e91847ff-22b2-4321-aa8e-038ec5d506e9,2T2BK1BA0FC949668,Volkswagen,Eurovan,2003,Goldenrod
beee7ff4-0064-40b6-9aa9-5b653a75965d,WUARU78E47N268876,Porsche,Cayenne,2009,Violet
58a83ba0-47fa-4d86-b226-3b00bf3d29c0,1N6AA0CA9AN093303,Saturn,L-Series,2001,Yellow
a4b929ef-aab5-4a26-8e6a-284860d701de,3C4PDCDG5CT230720,Mercedes-Benz,W201,1984,Violet
106784fc-77d8-4694-ac8c-09c3fd6d13fc,5UMDU93437L453350,Mercedes-Benz,300SE,1993,Turquoise
e3e876e9-ba6e-4f91-b545-ee6bc2f61e6f,WAUDK78T18A674907,Audi,A6,2000,Khaki
547bd3f1-cbf1-4cb1-b8fb-fb9868bf7326,WVGEF9BPXDD796270,Honda,Passport,1994,Indigo
4990db00-26cc-44d1-a231-96399121348c,5GALVCED8AJ532315,Nissan,Altima,2006,Orange
2cbe1364-2b04-4472-9abb-91b86c8b5592,KMHFG4JG0CA407979,Mazda,RX-8,2009,Teal
3cb6ef95-eb21-4241-bcf7-d9985310ae24,JTHHE5BC7F5130070,Maserati,Quattroporte,1985,Puce
96730692-4c83-4795-9cb2-71eab196de87,KMHGH4JH0FU149847,Infiniti,G25,2011,Fuscia
f73a8f36-a31b-4c4d-9fda-980e6099bf84,1FTWW3B57AE312031,Audi,Coupe GT,1985,Puce
312406bb-a17b-454e-bf75-b2aceac45a9b,2T1BURHE0FC581063,Volvo,V90,1997,Maroon
6b2beac2-6a3a-4de4-842c-13ce7c38be69,WAUFGBFCXDN074292,Honda,Accord,2006,Pink
23d75bee-58dd-42ed-88bc-665488a53ad1,WA1LMBFE9AD143064,Subaru,Loyale,1991,Puce
8314e159-b2a5-4a51-975a-ffb5b1a757ce,JTDKN3DP1C3933198,Rolls-Royce,Phantom,2007,Yellow
b6d988f8-72ad-4e03-bfd0-6cf1eec6086a,1GYS4HEF5DR270507,Chevrolet,G-Series G10,1993,Mauv
06b1352a-f4d4-4a1b-a8e3-83e2d7388047,1N6AD0CU0AC122393,Chrysler,Concorde,1998,Khaki
cd8e6ff6-22f3-45ed-a2da-4a6356c3276c,3C4PDDDG1CT750516,Lincoln,Aviator,2005,Red
e84f69cf-a6a5-432a-9ac6-9d5bd4b372a5,WDDHF8JB6DA787719,Volkswagen,Jetta,1984,Orange
34077b7d-ff8e-4efa-9f58-a81813ad5416,WAUSF98EX7A997229,Chevrolet,Corsica,1996,Goldenrod
56361dc5-e7e6-4875-a792-1b967d95695e,4JGBF2FE8BA704459,Nissan,350Z Roadster,2006,Aquamarine
60c88aac-bc91-413c-946b-77e6ae4ddbf6,1D7CW3GK1AS685304,Plymouth,Grand Voyager,1993,Yellow
d68ff537-9928-4991-b49f-fdea3eadbb12,1G4GD5G38FF188932,Volkswagen,Passat,2009,Crimson
0b5efcdc-284f-4806-904f-7717b165d333,1FTWW3B5XAE789259,Porsche,Cayenne,2008,Aquamarine
4895c336-c972-4cb3-9b3f-d65b8d2a603a,1GYEC63TX4R345408,Ford,F-Series,1987,Aquamarine
35588aff-6500-45e9-a4bd-345041ad9cea,3N1CN7APXEL221525,Cadillac,Eldorado,1993,Goldenrod
d1a50688-1cd3-4cee-af39-f3c3acba5529,1G6DU6EV7A0173757,Isuzu,Stylus,1993,Crimson
1aca00f3-3bf7-4657-9489-e7d692ca2fc7,SALGS2TF1FA020225,Mercury,Grand Marquis,1993,Purple
b3e8f828-174d-4c6f-9a09-4d817827f6cd,SALFR2BN4CH087713,Honda,Civic,1985,Red
5aac2b5a-a108-4b76-830a-bc621f8d6fec,SALWR2TF1FA457875,Chevrolet,Tahoe,2013,Red
6cf9b60e-7616-43f1-948d-8fc8cf9d7db2,JM1CR2W3XA0506761,Toyota,Supra,1994,Blue
8f10630f-b619-4868-b226-1a6b5f25fa33,1B3CC5FB3AN583552,BMW,5 Series,2004,Crimson
ad427c9f-47a1-4335-80b9-86ad5acf624b,1G6KD57907U076208,Volvo,V70,2002,Fuscia
7f8229fc-d42c-4aff-981f-abc17318b169,KL4CJHSB3DB498173,Mazda,MPV,1995,Khaki
3a9b2ac4-b67f-42f6-8e7a-afe25637afaf,5N1AR1NB2CC114817,Cadillac,STS-V,2009,Maroon
8ce459cc-6287-4f3b-8fc5-663635214f92,SALVP2BG8FH011547,Kia,Sorento,2005,Teal
a1d34d3d-e30f-4ace-8192-9f2dc1b5d8b2,KMHGC4DD7EU952404,Lexus,GS,1996,Indigo
60327cce-fa74-4dba-a0f2-72701ee4ae61,1G6AJ5S33F0309401,Toyota,RAV4,1996,Green
02b1c32b-e982-4310-b5f0-f69937c94d88,JA32U1FU8AU088995,Cadillac,Fleetwood,1992,Purple
0e9b7d06-2819-4ec0-9748-da2cab16e3bd,3GTXCYEJ8AG285582,Mitsubishi,Eclipse,1992,Crimson
a892b00e-af33-4ba7-b830-e277bbc01b5d,JTDBT4K3XB1135840,Lexus,RX,2002,Aquamarine
abf9a7b0-fe18-4945-b692-516a962bbb59,5NPDH4AE9FH557383,Dodge,Daytona,1992,Green
5053743e-f4fc-44e0-bd4f-85f810f74182,3GYFNDE38CS897887,Suzuki,Swift,1995,Purple
ce4c9a31-5b31-4cdc-bd38-623fd7576ecf,3C6LD5AT4CG990326,Pontiac,Aztek,2002,Violet
ab8cff0b-1872-4896-a6ba-74424f6b8dc4,1C6RD7JT1CS377496,Lincoln,MKS,2011,Yellow
c48eb4d6-9680-48d1-92bd-1e9778e7b659,JTHKD5BH8B2813881,GMC,1500,1993,Mauv
0e2b5e28-12df-40ce-8ae6-ca69b8275a1a,JN8AZ1MU9CW688387,GMC,Savana 2500,2005,Crimson
a0464422-9de6-4934-b514-aaad18373831,3N1CN7APXDL705614,Acura,TL,2005,Mauv
827840f7-43dd-44b9-9d8b-71a91e61e110,JTDKDTB36C1686923,Toyota,Camry,2012,Crimson
e5ef6d68-f2f4-4352-964f-2b5e8fa0099f,4T1BF3EK5AU702422,Mercedes-Benz,500SL,1992,Pink
32161833-94d8-4f1d-82c0-3ee415ac3399,1G6DJ5EV9A0972264,Land Rover,Range Rover,1987,Purple
40c7cefe-a43a-4e5b-aa1a-a56067c0914f,JM1NC2JF9C0134697,Suzuki,XL-7,2008,Yellow
5b001e5a-76f7-48ee-a888-8ddd14f6a56b,WAUR2AFD4EN525359,Lotus,Esprit,1989,Khaki
d0b7e5c5-2ff3-4280-b46c-086454bafacd,1G6AB5RA0F0433949,Chrysler,Cirrus,1999,Orange
360b96f7-f60e-43f4-9723-f03802d17243,1N6AA0EC9EN205876,Mitsubishi,Mirage,1999,Crimson
40e48b50-f80d-4b6d-b1a9-2ffebce514f0,SCFAB42331K877571,Toyota,Prius c,2012,Maroon
38aa4995-8ce4-48b4-bf38-d3a536a693f9,1G6KY54983U159355,Oldsmobile,Silhouette,1997,Goldenrod
f281421c-83a9-45a2-98af-dcf689806cb8,1D7CW3GK9AS476120,Jeep,Wrangler,1998,Mauv
84e67008-b607-4a3b-b2b1-1ec8e5805be1,WDDGF4HB5CF015448,Maserati,Coupe,2005,Crimson
717cdbc2-9f8a-4669-b352-edc03207f5e6,JTDKDTB36F1102573,Ford,Excursion,2005,Orange
2cde1c4c-0a73-4227-afad-7a199830a4f9,SCBZU25E91C937007,Buick,Century,1985,Indigo
f0f6bd58-00be-4fc6-b869-a29cef74fe23,WAUUL98E48A233136,Pontiac,Bonneville,1997,Yellow
a942e002-9966-4971-9e98-4dd3d20d8bae,1G6YV36A485091815,Volkswagen,Golf,2011,Mauv
3223fdb7-7187-4529-9d87-430f27d3b5fb,5UXWY3C5XF0673350,Oldsmobile,88,1992,Khaki
71e2a5ca-dea7-4401-aaf1-1827b72701a5,WVWAP7AN5DE364782,Bentley,Continental Super,2011,Violet
201e4d22-44f7-4ee8-b165-9019e83a8042,WAUAF78E25A723813,Chevrolet,Suburban 1500,1997,Teal
6a3e2991-1ed4-4ac0-bd10-eeddea03b461,WA1CGAFE6FD579735,Mercury,Sable,1990,Pink
57b4a22b-2aff-4b51-97be-d004940414e3,5GALRAED7AJ056471,Eagle,Vision,1996,Purple
b29a3234-e188-4bb5-8a91-68fde418b263,WAUMK78K89N760930,Toyota,Supra,1994,Orange
37ca655e-64de-4eb0-8d7f-a3a739368686,5N1AT2MK3FC457858,Dodge,Aries,1981,Red
189ed814-fb23-402f-a761-997f149e10ab,1C3BCBEB4DN538364,GMC,Yukon XL 2500,2013,Fuscia
7ade5fde-b37b-4f6e-ba6f-a68a182d930b,1GD322CG4EF165545,Volkswagen,Type 2,1985,Blue
ebace4b1-44b8-46bc-9307-b3cb3bf4680f,5N1AL0MM2FC787934,Lamborghini,Murciélago,2003,Puce
6569ba02-1015-4e45-8079-4c45c13b33d3,WAUEG78E46A498228,Infiniti,Q,1993,Teal
ecda81ec-7bed-4a1b-8daa-de3d9b2bfcc1,WAUAH78E36A588028,Plymouth,Neon,1997,Orange
850aec18-affa-495d-a92d-84740c187dfa,JTDKDTB36F1805896,GMC,Canyon,2011,Goldenrod
cbae0ef0-7a7e-46c5-961a-7150c132ef61,WVGAV7AX1BW135574,Lexus,IS,2003,Teal
b1568cec-d1ad-4eba-b9b3-89b13f86ae14,WAUJC58E42A769524,Mercury,Sable,2009,Fuscia
e9fdc4f9-79b3-4dcd-ba9e-5f1b41c60db3,WVWAN7AN9EE512746,Cadillac,Seville,1992,Orange
0386d5a1-5421-4d72-b38a-66b5333a2124,WAUEL94F35N926688,Porsche,Boxster,2011,Mauv
e13270a9-351f-4b5b-8bd6-8043dbabc415,WAUAF98E97A359582,Honda,Accord,2004,Purple
e3d40414-524d-4b9b-9b6f-733cfc1958bf,JTEBU4BF4DK400770,Suzuki,SJ,1985,Goldenrod
2d5847ad-00d4-4e3b-9c09-bef904de5f31,5J8TB3H51GL024374,Acura,TL,2002,Puce
a48343f4-cbae-4a76-b453-49cf901161c5,WAUD2AFD8DN594533,Nissan,Titan,2012,Turquoise
700b4d7b-1848-46b1-8607-e6c0932a9016,WAUBFAFL8BA487182,Pontiac,GTO,1973,Aquamarine
bf8c3fc2-552b-406d-990f-19601b74a864,JHMZF1D61ES788534,Mitsubishi,Pajero,1987,Mauv
716004d4-8525-4916-9bed-298aef844a2f,3GYFNAE30DS374024,Mercury,Cougar,1985,Goldenrod
bc159ac9-8909-4f8d-8673-4190ef8ceed9,5GALVBED7AJ533823,Mitsubishi,Mirage,1990,Crimson
e741e612-3455-478c-8a8d-65a82d7150cc,WA1CFAFP5DA359246,Ford,Econoline E350,1999,Red
0c75ac25-f137-4303-8310-b2c45b8b7d7b,KMHD35LH3FU450892,Nissan,Pathfinder,2003,Goldenrod
b3cf0fe6-803a-4acc-91b1-7ed4477f9864,WAUKF98E16A288171,Kia,Sorento,2009,Violet
df7fb8a6-89ca-4bb5-945b-168277496594,WBAFR9C50DD626848,Nissan,Pathfinder Armada,2004,Violet
f4e690a0-c6eb-49bf-af57-fc22558989a1,WUARL48H67K516204,Volkswagen,Eurovan,1999,Violet
5d73fcb6-1df6-4013-b5e9-cb36fdc7a1ec,3VWF17AT8FM318394,GMC,3500,1992,Pink
dccf2b69-ec5a-4ca9-8f5d-2d5ee3a16849,3VW217AU5FM137132,Dodge,Ram,2011,Puce
fb99b44c-7dfe-40a8-83fc-57d7e1158b68,1G4GL5G35DF088805,Lexus,GX,2012,Goldenrod
184c186e-e4c9-4fe2-b38d-61fe34da0c48,WAUXL68E24A012950,Honda,Ridgeline,2009,Mauv
1fa22c05-4a80-44b8-b0d4-565f468c75d7,3D73M3CL5BG578902,Ford,Bronco,1991,Goldenrod
395ff136-4bc3-4079-941e-e687e3d4bba0,JN1AZ4EH3DM149987,Jeep,Grand Cherokee,1997,Green
ace0b6b0-3a85-45eb-895a-37be91b8a9b0,KMHGH4JF7BU009688,Nissan,Sentra,2001,Fuscia
8762d611-72b5-4e52-b46e-eb38aeaecbbd,3GTU2YEJ0CG605230,BMW,6 Series,2009,Crimson
74df6456-77ff-4339-a744-5eb0287253bf,WAUED64BX1N118812,Saturn,L-Series,2004,Turquoise
13f7d23b-dc0c-47da-a346-6f592c9f727e,19UUA65694A930205,Infiniti,M,2010,Crimson
e21e1a66-0cce-454a-b779-b4c006043fa3,19XFB4F25FE178488,Dodge,Ram 50,1992,Turquoise
909442cd-a8db-4277-a0cc-8f701079ff7e,3D73Y3CL9AG836535,Volvo,C70,2010,Blue
2be4494b-1915-4fc2-a6b6-8d09d3086926,WP0AA2A9XBS040524,Nissan,Maxima,1993,Violet
c3a9b53d-fe44-4ace-8e32-654d949a265a,1FADP5AU2FL418021,Acura,RSX,2005,Crimson
6362e823-9760-4c65-842a-713bd71ea398,1FBAX2CM4FK798768,Pontiac,Sunfire,2002,Red
9aba0c3a-03a4-4bb4-96e6-343b01814668,3VW8S7AT5FM843239,Mazda,MX-5,1991,Pink
8995d9f9-6774-4550-b9ad-ba785886d632,5UXZW0C53CL375007,Nissan,Altima,2001,Maroon
dafbcd5d-e367-4ae5-9f75-f122ed34e2ec,5NPET4AC9AH289221,Pontiac,Chevette,1987,Violet
7532f2d8-9988-44ef-b293-9eb11df96b1f,5XYZT3LB5DG652870,Dodge,Dakota Club,1995,Indigo
8bf71729-6f4d-46d8-95a9-d8ff236c0bcf,1C3CC4FB5AN620095,Mitsubishi,3000GT,1997,Violet
f21b1386-ba0b-4e16-957d-cbcbe80b9101,1C4SDJCT0DC348412,Acura,TL,2011,Maroon
dd963036-41ac-4718-9fb1-884c7ee68d17,3D73Y3CL3BG712701,Buick,Skylark,1989,Aquamarine
85293cac-fe63-433e-8e30-a4b8281d2bc3,3GYFK52239G219523,Volvo,XC90,2003,Green
898018a8-c8a9-4bf8-984c-aaed14b288e8,WBA6A0C53DD902748,BMW,M5,2008,Goldenrod
d55bda9f-7207-4871-8d30-f5eb3b8a3cbf,1HGCP2E81AA908277,Maybach,57,2012,Turquoise
c2d84d29-bcf2-436f-82af-60e3e240a8f9,WAUEH74F76N427836,Hyundai,Santa Fe,2009,Orange
82b27a91-1373-4f39-9f74-f6cce409b017,1C4NJCBA4ED611384,Pontiac,G6,2008,Red
87b0b130-29cb-4a5d-9859-4715d8775c5e,3D4PH7FGXBT053687,Mitsubishi,GTO,1993,Yellow
ba3937c1-7ba3-402b-9eb3-0b5cab99724d,KNADH5A31B6156724,Cadillac,Escalade,2003,Purple
3ac0eae8-7119-4510-afca-0ba2a2fcf75a,JTHBL5EF3B5047327,Audi,A3,2010,Blue
88ff12cf-0109-41ff-ab84-b7ffbefd30a1,1G4CU541814641131,Toyota,Celica,1995,Pink
fc13091c-7028-4e49-b374-c1c17258c9b7,2B3CK8CTXAH016720,Pontiac,Firebird,1985,Purple
77842f70-ee9a-4687-b9d7-dcdeab2f33f2,1C6RD6JT8CS132771,Subaru,Tribeca,2012,Red
c48e8651-9980-47ad-b720-97cc54030616,WAUGFAFR5BA800103,Volkswagen,Jetta III,1995,Crimson
acfd5770-80bd-4995-8fc3-a07969ad4459,1FTEX1E89AK895741,Ford,F150,2000,Orange
ed083ca7-aa2c-4584-a054-3f4ca4e56e6e,JHMZF1D65ES865499,BMW,5 Series,2012,Indigo
46092df8-4930-444a-84cc-5f16ef9bd668,WAUSVAFA3AN227720,Pontiac,Grand Prix,1995,Green
a7f147b3-3861-4642-a652-2ff25c759283,19VDE3F39DE569229,Dodge,Grand Caravan,2011,Yellow
51cd30f4-8d2f-4987-91c6-b4c506ffb92d,1G6KS54YX1U578796,GMC,Vandura 3500,1992,Pink
85d7ce7d-71a2-4322-a8ff-3a6a5f733fb5,19XFA1E63AE332632,Kia,Carens,2009,Teal
db19c11d-825a-43d3-8eeb-355479b76221,WAUDF48H18K501705,Dodge,Dakota,2007,Yellow
2021cd29-1607-4544-9109-6923d1702f82,1GKS1GEJ9BR691239,Ford,F250,1994,Yellow
50f64309-d3df-480a-ba1a-399512c96430,1C3BCBGG3DN565984,Nissan,Sentra,1994,Violet
8652e344-ecd8-42d9-9e4e-8b68d9d44ac5,WAUAF98E56A703505,Volvo,XC60,2012,Turquoise
cdae35af-5101-4092-9bc8-c238c50638e6,1G6AT5S32F0535598,GMC,Jimmy,1996,Mauv
ea6b8345-85f1-4a0b-8076-155187e5fd6a,SAJWA0F75F8889790,Chevrolet,APV,1992,Teal
ff24e00e-581c-4b14-984c-08c470694146,WAUDV94FX9N929308,Ford,Thunderbird,1965,Mauv
422a4583-0f77-4004-a837-353801a36c6f,5N1AR1NB8AC642990,Mitsubishi,Eclipse,2003,Indigo
4b5418aa-16a0-47e7-8900-a29880d6a8f1,3LN6L2G93DR877200,Chevrolet,Venture,1997,Yellow
cf5bfdda-bb2d-4900-a096-481f8b361bda,WBAPH57569N675578,Porsche,911,2007,Purple
b9a5b414-3523-4f52-b42a-d8fec9c2a6ae,1C3BC7EG0BN805215,MINI,MINI,2002,Green
760f9f3c-0a29-443d-b38c-1c103b7dd2d1,2HNYD182X5H901201,Infiniti,FX,2011,Teal
3781b0d3-23b3-4ee7-8a15-b25e2d31d170,5TFBW5F18CX204478,Ford,EXP,1986,Aquamarine
0ba9a88c-678e-45db-854c-5843bc10f03b,3GYFNAE39FS852296,Ford,F-Series,2007,Violet
5d27c6db-6f28-4fa4-b0f8-ecb042627c76,WAUNF78P87A660254,Buick,Park Avenue,1994,Mauv
54cba281-b349-457e-9a8c-17ab5b1996f7,2G61L5S34F9992922,Geo,Metro,1994,Mauv
25a34393-cff9-482d-94ee-371deeed5b0f,WBAYE0C51DD434127,Chevrolet,Corvette,1984,Mauv
04bf5c19-afdb-4801-932f-124116b87122,WAUEKBFB8AN011415,Hyundai,XG350,2003,Orange
08a24a0e-19ce-4de4-bae6-558ca8477269,KNAFU6A21C5824899,Nissan,Pathfinder,2011,Khaki
f9385189-9d0f-4708-9d9e-6dfb54be8314,JTDKDTB33D1973850,Mitsubishi,Mighty Max,1993,Goldenrod
9b53f1c8-0207-4f51-97be-ed3425609c3c,WAULF78K29A764172,Mazda,MX-5,2000,Aquamarine
c23e1c65-b9e2-45c2-b7dd-e1c41c2dcb4c,3TMJU4GN3CM209431,Jeep,Grand Cherokee,2008,Indigo
639aff7a-40f5-4e71-87cd-7aa1c313eab1,JTDJTUD3XED906454,Chevrolet,Camaro,1997,Puce
3217697e-a55b-45ca-8257-3d0e28fe0e31,1G4GA5GR5EF189029,Acura,ZDX,2011,Teal
52c6e52d-aab7-4525-886a-bbda71b8d2f2,3N1AB6AP7CL800432,Acura,RDX,2012,Goldenrod
dd9cfe68-0877-4a71-ac1e-710a981b5fc9,WBAVB73518F302791,Dodge,Ram Van 3500,1996,Goldenrod
5fe12161-db37-427d-a20a-4fafc61cf84d,3C63DPJL2CG916253,Mazda,MX-5,2009,Orange
5dae2414-7c39-4ff6-b2d7-7c2f6610ee05,1GYS4HEF5CR850077,Ford,LTD Crown Victoria,1988,Yellow
dcd29703-0679-4cdb-a839-0cdc3ea5fdd1,1D7RB1GK0AS245844,Dodge,Sprinter,2009,Puce
3f878570-81b1-4df8-99a3-09a814f5898b,JM1NC2LF2C0740162,Audi,S6,2007,Crimson
6338f3d7-ed3c-4037-896a-f65c8ca1be03,WA1YD64B94N929211,Kia,Rio,2003,Crimson
4bbc2ed3-4f5a-462a-abe1-6f22fe2eee62,4T1BF1FK6FU447404,Bentley,Continental GTC,2012,Puce
93b5e570-8d48-4522-ac2a-378ead84dea8,5N1AA0NC1BN715665,Lexus,LX,2006,Khaki
f81da5b7-db11-4bd1-bd6a-014605c6cf41,2T3BF4DV1CW028250,Chrysler,Town & Country,2000,Indigo
b114cea6-a52c-4f3e-9dbb-47e8821abbbe,1G4GG5G39CF667427,Dodge,Shadow,1993,Red
943e978f-ebfe-493f-a011-cb45db5fdcd3,4T1BK1EB7FU307469,Volkswagen,Eurovan,1993,Red
8505c60b-782a-452c-a56f-5e0b2dd72d2a,JN1CV6FE2DM127158,Hyundai,Accent,2003,Indigo
7c4e361b-74a4-4a2e-8eaf-65d80cee5a8d,WAULC58EX4A828345,Toyota,Camry,2010,Crimson
3992a1c4-82f0-45b6-85f3-988dd7621731,3GYT4LEF4DG592921,Suzuki,Daewoo Lacetti,2007,Indigo
01c1c691-f582-4d5c-aedb-e5df6d4b7049,1G6DJ8EY9B0493677,Kia,Spectra,2009,Crimson
3f333e59-c55a-4111-aba7-e00d80d65100,5N1AA0NC7CN195375,Toyota,Paseo,1992,Red
308377e1-ccd2-44f5-978e-3db90bd4176b,1G6AU5S89E0200281,Lamborghini,Murciélago,2006,Fuscia
f500ae3c-f6b9-4179-8ccb-36f9d16b5815,1FTWX3A5XAE059348,Geo,Metro,1995,Mauv
b370cf7b-7a83-441d-bad2-12190136832a,YV4902BZ3E1938023,Pontiac,Sunfire,1997,Goldenrod
c9d3555f-24d8-4758-9367-355fe12c338a,WBADS33411G004740,Ford,Mustang,1988,Maroon
2f3ea067-5886-4a1a-a743-60e8aabbc0a8,4USBT33433L682532,Oldsmobile,88,1998,Yellow
a639a0d7-6fbf-4d63-b92f-ed053212bb3d,3C4PDDDG4CT868074,Mazda,B-Series,1988,Green
2d721133-3f31-4e6c-959e-c93ca566ad45,YV4902DZ0D2158986,Hyundai,Accent,1995,Red
a5cb0098-8d6b-40b2-9623-38e002976a63,1D7RW3BK4BS069745,Volkswagen,Golf,1998,Blue
3807ff68-e203-4dfd-87c5-eb92329b79f8,WBAEK13517C068651,Jeep,Grand Cherokee,2004,Green
1fd8defc-e95b-4e9b-a8cc-53c60c9581e0,KNAFX5A8XE5240610,Ferrari,F430,2007,Purple
23318ad9-8730-4fee-9abc-55bd86d3acc7,KNAFX6A87E5138476,Porsche,911,2011,Turquoise
828a74ef-70cd-4e5b-803a-e44bfc08eaa8,1FMCU0F71FU634627,Chevrolet,Express 1500,2012,Violet
00c7c952-e6e2-4a4c-bdf7-92101ce2c979,1GYS3DEF1CR948664,Oldsmobile,Silhouette,1994,Aquamarine
1d7cef9f-bee8-490b-b1d0-a919bf0dabd3,WBAET37472N825673,Toyota,Avalon,2010,Red
65e2d8fb-a1f7-46d1-9da0-a1c32e26364e,WAUDFAFL3CN104901,Dodge,Viper,2005,Crimson
e4ce8887-27e2-4a7d-9a32-acfe8157d4c5,WDDNG7DB0CA389457,Oldsmobile,88,1995,Goldenrod
56120080-6420-4352-9ac0-3c18e19b097b,WAUAF78E88A478231,Jeep,Grand Cherokee,2004,Fuscia
c45a7c82-c216-4168-9d4f-d62cd2ba1cd1,JTEBU5JR3A5184678,Chevrolet,Camaro,1978,Turquoise
d8774a25-e770-4d2d-bbe0-08f60138c9b9,19UUA65575A283943,Subaru,Legacy,1996,Puce
d9268b4b-85fa-4631-9e7b-05a12d0f159a,WP0AA2A94FS095699,Lotus,Evora,2012,Aquamarine
56608006-f3e2-42fb-96fb-1787e6614c95,WA19FAFL1DA076267,Kia,Sephia,1996,Mauv
ee0b8a63-1a50-4a7b-ade6-8c1048102352,1C6RD7GPXCS479695,Dodge,Dakota,2009,Green
51f7a4ef-a62a-45a6-8bd6-aa312648cf34,WBAYA8C5XDD616547,Mercedes-Benz,400E,1993,Puce
d4b22583-02d0-4bb1-97b9-10597e36a9ae,WAUDF68E75A034745,Dodge,Dakota,1996,Yellow
907d0303-29a3-47c1-9fbf-d1a0c85c3c90,3VW517AT2FM495776,Nissan,Pathfinder,2001,Puce
2a7e34da-035c-45c7-a658-5f5dfa0bb7ca,WAUDF78E36A546638,Honda,Accord,2002,Crimson
1cae8c3b-a649-42a7-99e0-fd8103341c96,WAUHFBFL2AN340945,Honda,Ridgeline,2012,Red
70b642d8-8168-49e4-bfbf-284e34e07f8a,1D7RE3GK9AS841151,Mazda,MPV,2006,Purple
59730af3-2d3c-427a-8c33-3a5b26955a57,WAUHFAFL4AN511348,Audi,TT,2009,Indigo
8f129af1-6c78-46a6-b4b3-851d18dc6727,1G4GE5G37CF623562,Chevrolet,Impala,2006,Crimson
70b8790c-b40e-4948-878c-ed8fe637abab,WBSKG9C55BE137854,Toyota,MR2,2004,Turquoise
f17f76dd-58f9-4f4f-a608-04ed7440da05,3VW1K7AJ6DM864176,Honda,Civic,2010,Yellow
b86e4955-cdc9-4d07-901c-88d65b460918,SALCP2BG2FH288024,Pontiac,Grand Prix,1991,Crimson
681ceea0-14ee-4248-a889-b8b871e23be6,5J8TB3H52EL124965,BMW,X6,2008,Khaki
ec24bde2-e886-4528-b8d2-c683195961bc,1C3BC1FB1BN673890,Oldsmobile,Aurora,1996,Khaki
d71c4adb-3740-4617-9805-336168b313ab,1GKKRNED2CJ972368,Acura,RL,2011,Indigo
852f34f4-fbed-470f-ac7e-78e96e7a5548,JTHBF1D24F5069213,Mazda,Mazdaspeed 3,2011,Mauv
0d380fcd-e35c-4009-bd12-6227a9ae0cd9,2HNYD18271H773803,Suzuki,Swift,1997,Fuscia
7f64b736-88cf-483d-886c-80b628be66bc,5N1AA0NC3BN074180,Chevrolet,Cavalier,2000,Puce
f59489ed-bc2b-4bd0-8816-c172fc42312b,1C4SDHCT8CC205179,GMC,Rally Wagon G3500,1996,Purple
31765035-6d32-47a0-9321-ce5a2b521e4e,4T1BF1FK3CU941117,Mitsubishi,Montero,1996,Violet
f985837b-e0c3-454a-864d-2f041f49e5bd,JN8BS1MW8EM950604,Volkswagen,Passat,1994,Maroon
dd1275f9-056a-4a5e-ac3b-0f31012b3d99,SALAF2D48AA112593,Cadillac,DeVille,2004,Violet
107ccf92-27d7-418f-a6e2-f9697ed6a280,WVWAP7AN9EE672961,GMC,2500,1995,Green
025f40e9-014d-4ad2-addb-31c44ffd98e5,1G4HP54K334632670,Acura,RL,2004,Blue
b83e718b-8ed2-4a20-aa63-5411eae31abf,1G6DM1E34D0940468,Chrysler,Voyager,2003,Teal
16bec40a-4ad4-41fb-8989-43ceeb90d128,1FTEW1CF0FF243756,GMC,Savana 2500,2007,Goldenrod
826f3d97-ed10-459b-be1a-ec9ee7b06ab1,JTDKDTB3XE1170129,Mazda,Mazda6,2005,Purple
3b3a39e6-fb6d-4a2a-9e03-85fd3a649c61,3G5DA03L77S905253,Dodge,Stealth,1992,Puce
287870b3-a1a6-4dff-b7e0-9f8015b4b66d,1FTWF3D53AE327283,Porsche,Cayenne,2005,Orange
5f5e1f6f-0405-4a35-a4d7-a3db5a58f175,KMHFC4DD5BA739363,Honda,Accord,1997,Yellow
ac983506-a766-42a1-a574-a281d64b4a19,1G6YV34A055919406,Lexus,ES,2009,Yellow
7b101ca3-a34b-45d3-b779-f125ec2deff5,WAUGL98E98A986822,Audi,TT,2002,Indigo
a70776be-0cc6-4f01-97c6-7ca8c6177707,YV1902FH3D2926266,Audi,A8,2002,Pink
f74898a4-b569-403a-81a8-fa1f2793612d,WBAKF9C56DE231641,Chevrolet,Malibu Maxx,2006,Pink
2d752f6d-23e7-455a-abec-686b7dc0dc70,1FTMF1EW5AF846834,Subaru,Brat,1984,Yellow
ce571827-5ee9-4361-aff0-ed3f7190c1b2,WAULFAFH4CN870062,Buick,Regal,1998,Turquoise
cdf29885-8158-4a5b-a2fa-400742f63709,3D7TP2CT4BG048504,Audi,A3,2011,Aquamarine
60fc3d52-d676-4583-9c22-b61138916296,2D4RN6DX1AR768275,Lamborghini,Murciélago,2010,Goldenrod
b97051f4-9a57-4881-a9ac-84520f3dc72b,1G4GE5GD1BF080068,Toyota,Avalon,1998,Pink
bd3fca05-5c9a-4889-ad34-f28595dc255b,WBSPM93579E387590,Hyundai,Tiburon,2003,Green
0861de0a-c2c5-41ee-8c3b-8ee25d8a135c,JM1GJ1T50F1755497,Eagle,Vision,1997,Fuscia
963641ce-7831-49bb-94ed-d088dfe942e9,4T1BK3DB8AU732690,Dodge,Ram Van B350,1994,Puce
3df5abcc-6354-4e77-a42c-5b391491d613,WP1AA2A23DL234615,GMC,1500 Club Coupe,1998,Indigo
af596cd1-515d-48ed-9f9f-15d09638881d,2G4GR5EC2B9926084,Mitsubishi,RVR,1994,Orange
2910deb5-18ba-4dcf-b69a-ce8dc1636fd3,WBAEN33404P455285,Land Rover,Range Rover,1992,Crimson
a008e628-6a52-483a-80cb-372cd9064314,SCBLF34F94C385044,Chevrolet,S10,2000,Mauv
05da27d5-6b80-462c-9f2c-6bd773724043,1FTWX3B59AE209755,Mazda,Mazda3,2005,Puce
154a6c16-12fe-4c22-b99a-7b1bee04293b,3C3CFFCR0CT312453,Eagle,Talon,1998,Indigo
85fc4128-a740-41ed-ad52-2095335bf14a,WAUXL58E44A098871,Toyota,Matrix,2003,Turquoise
c80c676e-35e9-43bf-9b67-1eda1090c755,SCFEBBAC9AG993769,Acura,Legend,1989,Pink
d6ae19ee-6a44-4d8e-ab68-7fc1b0d39b88,WAUBVAFA0AN081924,Honda,Accord,2003,Fuscia
f11f2e2c-e81d-4229-94e1-3b0d850bd9ab,3VW507AT8FM436251,Ford,Club Wagon,1992,Green
3b08358d-e7f7-4c90-84b2-662ac24b8528,1GYUCJEF4AR931264,Mercedes-Benz,E-Class,1998,Orange
ce3310d7-553f-469b-a889-cc989303fdbc,3GYFNFEY9BS828745,Audi,Q7,2009,Violet
576be039-7b48-438e-81b8-282d4ebde5b8,1FMEU2DE4AU222393,Volkswagen,Cabriolet,1987,Crimson
78e26608-6fdc-4708-b863-702ee02b163a,3D7JV1EPXAG136012,Chevrolet,Metro,2001,Purple
ea15593d-60bc-42a4-88de-2892041103d9,5UXFG4C52AL492095,Mitsubishi,Galant,1992,Yellow
c8239592-90a6-4b5b-9123-623d6818cb10,KMHCM3AC1AU220328,Audi,Cabriolet,1997,Teal
07a27583-cd69-499b-abf1-8b19cff4ecce,WAUPL58E35A599686,Chevrolet,Blazer,1994,Yellow
90140947-3c05-4a48-a2ff-d18d34ddab59,1G6KY54973U367968,Dodge,Intrepid,2003,Pink
9c8b23f2-3458-431f-9141-a65347494d12,WBSBL93451J340820,Acura,RL,2008,Green
fbace371-7c9a-470c-8bcf-848b0aabd74d,19UUA76528A714357,Chevrolet,Malibu,2002,Violet
8c52195d-6237-424d-a106-1a146c504163,2B3CK8CT3AH777900,Ferrari,California,2009,Goldenrod
7556e735-2182-44e8-8a86-232613d0cb30,JM3TB2MA2A0307992,Suzuki,Equator,2009,Maroon
7bda292e-ddf2-4ff9-ab69-369a11b4305e,WA1LMBFE0DD244658,Volkswagen,GTI,1988,Purple
4973813b-4c5c-4aee-995b-5bfee1d82530,2C3CDZBT6FH585236,Oldsmobile,Bravada,1998,Khaki
9b6e6017-7b88-4d0b-ad3f-a2b0f8d49f72,1G4GA5ER1DF779973,Volkswagen,Golf,2005,Green
20af13cd-605f-4d84-8cb5-f3577c926e59,JH4DC54863C302271,Ford,Contour,1999,Yellow
e91df7d4-c7c8-4097-be59-4e0fcc57c7a1,2FMPK3J91FB221761,Ford,Tempo,1984,Yellow
e29bf043-44cf-4cb3-aa4d-e493ecc20ee8,WBANE53506C458489,Lexus,LS,2007,Aquamarine
5b99ef90-09d9-4c21-96fd-75b755c07ea9,JM1NC2PF7E0193354,Mercury,Cougar,1993,Orange
347eba71-5346-4968-81ed-079ad7aa71b0,JTHBL1EF9A5098256,Land Rover,Range Rover,1986,Crimson
346ea0da-b503-42ba-85ec-0835dbcd1cd2,JTHFF2C27D2688346,GMC,1500 Club Coupe,1996,Khaki
38730c87-6dbf-4336-bbb7-68d39c59d9b6,WVGAV7AX3CW144956,Peugeot,207,2006,Purple
ecae4398-c9a1-4d31-b6db-12cfac80d164,KNAFU6A21A5956266,Suzuki,SJ,1992,Red
d6818210-cfaf-4c0d-897c-6997a683dec0,TRUTX28N911901163,Buick,Terraza,2006,Pink
a477e17e-99dd-40e5-b59a-f57da4d3a5bf,1G6AE5S30F0696736,Toyota,Avalon,2003,Purple
f81041dd-560a-4126-8b89-b1c82327a3cb,1FMJK1G53AE729905,Audi,4000CS Quattro,1987,Teal
98cc8f5e-4009-4ff6-97a0-a70959295c21,3GYFK66N86G499798,Nissan,Murano,2003,Aquamarine
d8960116-9022-4efc-9637-23ba7c0fb753,1G4GG5E30DF503519,Infiniti,Q,2006,Orange
9b7b8d2f-68c7-4b08-887f-986f3a2fee7c,2T1BURHE5FC492184,Toyota,Prius,2010,Pink
2c57f75d-b33f-4917-ba35-c8450383f911,2T1BU4EE6BC368880,Chevrolet,G-Series G10,1994,Orange
07b6c4de-9420-4195-8f54-c222e4fb077c,WBAUP7C53CV651575,Mazda,Familia,1988,Red
9f8828ef-ef6e-47da-9b89-26a50aee7f23,WAUNF98P16A283390,Audi,5000S,1984,Khaki
34e81fbb-36fd-4038-a8a5-10b130b04a84,JTMHY7AJ3B5981846,Mazda,B-Series,2009,Maroon
479c6250-4bd2-4ff4-96c3-2a04b3f40b09,KMHFH4JGXEA082970,Cadillac,Escalade,2007,Turquoise
131c81dc-aa29-4980-996d-ea74f557da5d,4JGDA2EB0DA562559,Hummer,H3,2006,Red
1d689db4-4d8a-443d-b0d8-2d237b50cd43,1FTMF1CWXAF978524,Buick,LaCrosse,2010,Green
0f7cd38d-fe32-472b-ab2a-90ab5cd86c6e,1G6DL8EY1B0021399,Suzuki,Grand Vitara,2000,Blue
b484cbb9-df4c-49c9-89cf-69e0868f6040,1HGCR6F37FA425517,Buick,Lucerne,2009,Maroon
51f5dc44-9ed7-455a-a71b-f479116c4c4a,3D7TP2CT7BG537706,Chevrolet,Express,2008,Turquoise
1e69db3a-75e9-40c9-985c-e0eaa78021d9,WBANW5C56AC037883,Chevrolet,S10,1996,Khaki
4db23702-ae73-41b8-92a4-d334d962e8d7,2C3CA4CD1AH755126,Buick,Electra,1984,Khaki
f423128d-6c59-42ee-91c1-9a0d41dc50c3,WA1WMAFP4EA697774,Acura,NSX,2001,Violet
ad60b4d0-9166-43df-bf9b-32765a72cb76,WBAUN7C53DV163945,Isuzu,Amigo,1999,Goldenrod
b307eef1-91d0-46f5-9f8a-22d4cf70bac8,WA1WGAFP4EA647075,Mazda,MX-5,2003,Puce
379ecd2b-bb8e-46ba-8d60-0ba43384b809,WAUKF78E15A805827,Buick,Enclave,2009,Indigo
591068e0-4a8f-4ced-9d40-e037656bb02d,3D7TT2CT9BG811077,Oldsmobile,Bravada,1994,Mauv
77b4f95e-17e5-4ce5-895e-8a75fd8f69dd,5FPYK1F48DB014627,Hyundai,Santa Fe,2004,Violet
45649720-cba5-48bf-84cf-ff09726c16f3,2C3CDXJG3EH859466,Mercedes-Benz,M-Class,2009,Mauv
09dd54c3-a95b-4aaa-98de-506a38f5a899,2T1BURHE3FC332708,Buick,LeSabre,2003,Fuscia
a485ee81-5bb3-428a-bb71-305ddcbff45d,KMHHT6KD1CU847292,Chevrolet,Express 3500,2011,Violet
9f8132b3-be0c-47e6-8844-6ab918a5902d,JM3TB2BA6F0158495,Honda,Accord,1996,Yellow
e4e28a7e-e7fb-457f-a67d-4f798be0fc9c,1GKS1GEJ1CR745991,Honda,CR-V,2004,Yellow
9dcd888d-e302-41fe-ace7-b7f2215d3e75,WBA3B9C57FJ483568,Mitsubishi,Pajero,2003,Goldenrod
cb03ff54-cda4-428a-8f8b-fae7fb035bc4,1G6AY5SX2E0711729,Kia,Rio,2004,Aquamarine
d6facc8d-80dc-48d3-8af6-1f4b012473ce,JH4CL96966C159464,Nissan,Versa,2012,Turquoise
270e0265-085b-4f7f-9d7a-b9ab1ae8b58f,1G4GH5G30DF239020,BMW,3 Series,1998,Red
bc4bbf59-8ba6-4f95-91c6-c677dc43bf52,1G6AB5SX3F0646490,Plymouth,Grand Voyager,1998,Puce
345eced8-36dc-4a79-af2d-a2e9df2096c6,1G4CU541614041157,Honda,Civic,2010,Maroon
6322d07b-6a27-43c6-870e-f4ec0b88f569,JH4CU2E86EC460487,Buick,Riviera,1995,Fuscia
b8f1621a-b15c-402f-9ce4-92b3a3cc1706,1C3CDFCB2ED943660,Acura,NSX,1992,Aquamarine
37e841d8-4127-421f-b6c2-f32b88e62004,WAUNE78P08A962870,Jeep,Grand Cherokee,1996,Orange
4fccfbc1-6b25-4bd1-aa44-3ca8f9d1580e,3FAHP0GA2AR830838,Volkswagen,Eurovan,1999,Teal
08c55e3d-654b-4000-af1c-2e977c4052fe,1FMCU0C71BK934081,BMW,X6,2012,Mauv
293658f0-7efb-4d2c-976f-28eb2a1967f2,2V4RW3D18AR445495,Chevrolet,Avalanche 2500,2002,Indigo
b6b947b1-f238-4d8c-8203-d52832a27c64,JM1CW2BL4C0399448,Volkswagen,Cabriolet,1995,Khaki
deceef15-0f6e-4ac9-ba6b-507e62cfc81e,4F2CY0C7XAK156230,Honda,Civic,1988,Green
1265488b-dd45-45d9-9166-4946e5ff6c3a,WAUEF98E98A104675,Buick,Skylark,1996,Orange
adae664e-d68d-416c-b3a4-e88c866b2093,1FAHP2D80EG432960,Honda,Civic,2000,Blue
072d38a5-4403-465b-8251-eceb6823873b,WAUKFBFL7BA490239,Mercedes-Benz,S-Class,2006,Yellow
81191c27-a279-4dcf-8578-e94ce5cf5948,WBADW3C53DJ462235,Kia,Spectra,2008,Goldenrod
63bd9227-a24e-4b8e-a10a-ed6345109c2b,WA1CFAFP0EA372035,Maybach,57,2009,Indigo
53dff273-c3cf-413b-9edd-386f23bc3e94,2HKRM3H36FH366701,Acura,RL,2012,Maroon
b4a1785e-3c9d-45e9-a559-6ab5707bdce8,JTEBU4BF7EK364445,Chevrolet,Tracker,1998,Goldenrod
646bb2c9-a3bf-458a-b283-b7211b3c428a,WDDUG7JB2FA105024,Maserati,Quattroporte,2006,Mauv
b39b5581-d70e-4424-a06a-0ca20098cc5a,1G6DH8E53D0483358,Pontiac,Grand Am,1999,Aquamarine
ad95be76-caaf-4dc4-bc22-4a0c783f9a1a,WBAUC735X9V482854,Mitsubishi,Mighty Max,1995,Red
83ff6c13-e4d5-44f4-98bb-4e799c45c63f,WAUBH54B81N795990,Subaru,Loyale,1992,Yellow
b41f538a-a4cc-4d15-8691-45ecba34f275,1G6AW5SX3F0811376,Saturn,VUE,2008,Teal
710c60f2-3715-482d-9b93-f90967cf52e8,WA1YD54B84N007037,Volkswagen,Golf,2001,Aquamarine
3691aece-19a6-45ac-87be-83c02a8266d9,2T1KE4EE5BC726418,Mitsubishi,Diamante,1993,Crimson
c1ae9e75-46ba-4c46-8191-8080fa809151,JM1NC2LF1E0938685,Chrysler,Voyager,2001,Crimson
fcc50116-142d-4f36-876f-cc72104fd0d2,2HNYD188X4H212097,Mercedes-Benz,CL-Class,1998,Turquoise
165bfb56-7a90-4844-ab5e-f0757297e87a,WBA3C3G51FN133558,Suzuki,Forenza,2007,Blue
e2f17c95-5f3c-4731-b75d-f189aae9911c,1FTWF3C54AE205520,Mazda,CX-9,2012,Goldenrod
d193093d-d3c4-4e50-89c6-67b46844a293,JN8AF5MR7DT278282,Kia,Rio,2008,Maroon
844af12c-fc76-4b05-b501-bfdd805f0712,SCBLE37G33C399186,Isuzu,Hombre Space,1997,Goldenrod
a3daeeb6-10e2-498a-9d5a-0a0b9466f892,WAU2GAFC2EN182545,Bentley,Brooklands,2009,Turquoise
fd300a68-a6b8-4570-9c08-f541e45a32ab,1G6DM5EV7A0944289,Lincoln,Town Car,1987,Crimson
9f58896f-38bf-496c-8dd2-999e07314a15,4T3BK3BB5FU181605,Aston Martin,V8 Vantage,2012,Goldenrod
9f88a7cd-e1a2-46b2-bd6c-8c4c5055b960,SALAC2D46BA021719,BMW,Z3,1997,Goldenrod
cef0960e-2ff8-4fe7-95b8-0b22d18a50e6,1FMEU2DE3AU514679,Audi,4000s,1986,Aquamarine
017b9bae-f789-41b3-9e94-f2faa2cf0c63,1N6BF0KL8FN769871,Ford,Mustang,2000,Maroon
7f5b148b-6b2e-4dd2-b42c-90921ec9c595,1GYFC16209R215736,Cadillac,Fleetwood,1992,Turquoise
0b6f6ec1-cc0f-48a3-82ad-bd7a6535a079,1N6AF0KX9EN441176,Hyundai,Tiburon,1999,Indigo
5cf54542-2952-4f67-a808-5c280ef1910c,WAUBF98E68A987587,Volkswagen,Eurovan,1993,Violet
8d49c584-94fb-49c1-8e27-1231d55c7852,2T1BPRHE0FC374440,Mercedes-Benz,SLS-Class,2012,Fuscia
cd9d4d70-13ef-4dd0-abee-70e113c0bbef,WAUVC58E33A198305,Nissan,Maxima,1998,Pink
375ee301-7adb-4237-8c37-d02222c5abbd,3FAHP0GA2AR350184,Land Rover,Range Rover Evoque,2012,Turquoise
b2a918cc-4727-4085-8202-4bdc134e8330,JHMFA3F27AS666231,Ford,Econoline E250,2000,Khaki
b755a334-a889-4693-b68a-6510ee673013,WUARL48H17K719095,Dodge,Viper,2002,Indigo
8ae2b8f0-64b6-435b-b207-93d2b07cf58f,1GYFK26219R427294,Honda,Civic Si,2006,Yellow
c722c066-c812-4ee8-aec2-106e031d94d3,3D7TP2CTXBG392354,Toyota,T100,1994,Blue
170cefe1-5522-4a1f-bccb-1e85a89fef14,1G6AL5SX3D0338486,Honda,Fit,2009,Blue
9ee1f688-04e0-4e7c-b7e5-db56ab671dbb,YV4952CT8E1424244,GMC,Sonoma Club Coupe,1995,Indigo
3f5632b3-7e3b-4fcc-b3a6-2eda90a76c69,1G6DE5E55C0516785,GMC,Yukon,2007,Yellow
dd268f2f-2f22-4596-8440-daa01e6e48b0,1G6DU57V690549707,GMC,Sonoma,1994,Turquoise
6558d1ea-a8b7-4899-9b67-75c86427cf01,3FAHP0CG4AR382340,Ford,Ranger,1991,Green
ced6b7ee-8c20-4172-86b8-1dd00f6cc9ec,2C3CDXGJ7FH226859,Toyota,RAV4,1999,Indigo
03a23443-3c8e-412c-ba01-35876200cf1c,5N1AA0NC2EN730325,Pontiac,Bonneville,2000,Khaki
42f25138-24dd-48bb-beac-539b7b3e9411,WAUKH98E88A781990,Cadillac,XLR,2008,Goldenrod
cec75d00-a652-4417-9e6f-87d03ab253a1,3N1AB7AP1FY662397,BMW,7 Series,1998,Puce
2ac5183e-a28c-4f93-a639-8d3ec799c0f1,1FTEX1CM1BF120070,Buick,LeSabre,1987,Pink
16ffb5d3-c191-4941-bb72-cabc89dfbd8b,1HGCR6F55FA743329,Scion,xA,2006,Pink
16d32bc4-a9f5-4956-900c-73eb30a67b53,SALAB2D4XBA701951,Honda,Odyssey,2000,Mauv
d622a112-e428-4df1-8481-2ba1b93c76a9,1GYFK33249R831474,Rambler,Classic,1963,Violet
89079a39-9f2b-463b-9514-4b5adbb0849a,1G4PR5SK6C4834380,Hyundai,Sonata,2005,Blue
8e983974-75a7-4ace-b30c-83cb822adceb,WAUGL78E26A163909,Hyundai,Sonata,2000,Crimson
2b998256-6767-4280-a296-c78cd2e7c5d7,WP0CA2A82DK990413,Chevrolet,Sonic,2012,Teal
e457f822-6cbe-4755-b2b7-18a0cc655ab6,WAUUFAFH0BN997197,Dodge,D350 Club,1992,Mauv
c4687a42-3704-4144-95e4-a1643422b9d4,WAUEV94F07N166443,GMC,2500,1993,Yellow
510d1a13-2fc9-453f-9bd7-0ac4019159b9,WBA3N9C53EF668953,Oldsmobile,Bravada,2001,Goldenrod
fc98911e-8daa-4393-a316-f30cc7c86811,WBAVA33597F817824,Ford,E350,2005,Pink
44a6e191-a96c-48f4-a2c3-971cd63d1170,1GYFC23279R649677,Mercedes-Benz,S-Class,1998,Green
d0035622-7a8b-4fba-9f92-c7b8d2f8f42e,2B3CL3CG9BH366098,Alfa Romeo,164,1993,Maroon
75673449-947e-4e8b-8af9-008c23fbb731,WP0CB2A84FK409669,Isuzu,Hombre Space,1997,Khaki
8f443819-5c33-4ec8-a4bb-1a5fb542adff,2LMDJ6JC9AB090162,Plymouth,Grand Voyager,1997,Mauv
d218dc08-56fc-4cc9-bf80-bc6795944c9b,WAUAF98E85A904183,Lincoln,Continental,1984,Green
7bfe0f87-6c56-450d-84eb-695929c18a28,WBA3F9C54DF520225,Mazda,Mazdaspeed 3,2008,Yellow
728eda06-1742-4f75-a327-9df8c5f020b9,WBAFB33401L765565,Porsche,Boxster,1997,Yellow
7be813fe-2c8a-47c7-9d80-6198b175f730,1G6DF8EGXA0846225,GMC,2500 Club Coupe,1995,Purple
d401e2f0-ae79-41e4-98cd-72e3c0b717eb,19UUA56883A664071,GMC,Rally Wagon 3500,1992,Blue
ccb737ad-0b18-42ce-aa63-0227c9fe098e,1G6DA8EY5B0389140,GMC,Yukon XL 2500,2011,Mauv
6c16280b-c36f-448f-9993-67a1917d342e,1FBAX2CM7FK568531,Subaru,Justy,1991,Turquoise
fcbc7187-ee31-42d7-b577-e104896e642a,JTEBU5JR7E5161569,BMW,M3,2005,Indigo
6bdf8c83-151d-421b-8648-c8be479e9982,3C3CFFHH3DT813919,Volkswagen,Eos,2008,Indigo
75e909b0-46b9-4f0a-9579-4d009a326cb1,2G4WF551041740015,Lexus,IS-F,2010,Orange
5c47f6e1-a12d-47f5-a092-e59069c8b9ea,1FTWW3B52AE446994,Nissan,Pathfinder,2001,Orange
8e06c7a1-d7d4-4600-8911-b0f404ba81f0,5N1BA0NC0FN319608,Toyota,4Runner,2002,Turquoise
e69e9051-dc4b-40c9-ad49-65c6b205309d,4T1BF3EKXAU767931,Mazda,626,1996,Orange
005e2eb2-65b1-43f1-9918-a8b99c7ef390,1FTEX1C89AK168988,Oldsmobile,Aurora,1997,Pink
52ddfbc9-7c3d-464e-96e5-fc132becdbfc,1FTKR1AD1AP634512,Nissan,Versa,2011,Maroon
2a9c967b-26cd-4ea6-8469-b5f2919487cf,JH4KB16698C015223,Mitsubishi,GTO,1998,Aquamarine
5bfd51ab-ffad-42b9-b343-facf93d908b2,2C3CDZFJ3FH432239,Mercedes-Benz,CLS-Class,2011,Fuscia
66dd19b3-45a1-4693-9187-4c4dd47c84cb,TRUTC28NX21863309,Volkswagen,Jetta,1991,Pink
193ca3c9-567a-480a-876c-5360ea385deb,3D4PG6FV2AT441250,Chevrolet,Cavalier,2001,Violet
d92f4625-5061-424f-aa90-309e236ca7b5,5FRYD3H24GB486210,Volvo,V70,2006,Orange
a48540a7-b9ad-4a0b-a734-af40f0bc1b8a,2C4RRGAG2ER447802,Hyundai,Sonata,2013,Aquamarine
0706c519-f2ae-4076-843a-0d537f6cf31f,YV1672MC5AJ947143,GMC,Suburban 1500,1993,Violet
80cc90a0-fed3-4be9-8018-07f48903c9d2,5UXFE43548L906056,Ford,F150,2011,Pink
2b30d4c1-0505-404f-b546-1adfe21093dd,1GD12ZCG9BF100296,Mercedes-Benz,300SL,1992,Orange
aa4f3eec-a31c-4eef-a6a5-7167442da28e,3GYFNAE35DS517873,Mercedes-Benz,SLK-Class,1999,Orange
b4bdd5e8-08a8-4fd0-ad7f-eb00d4e06ea4,JN1CY0AP4AM932359,Oldsmobile,88,1997,Maroon
9c8ae249-092c-462d-90a9-001df2466f98,5XXGM4A70CG637527,Mercedes-Benz,400E,1993,Turquoise
641afd6e-a2c5-44dc-abec-9e96c6c1adad,WAUNF98P18A184703,Ford,E-Series,1987,Aquamarine
8cd026ac-8529-460e-be08-4f2c137e4b47,WBAPM7G5XAN985020,Ford,Explorer Sport Trac,2008,Red
fece4fb9-7559-4431-88b7-92296b7d88fa,WAUDF98E76A529613,Mercury,Grand Marquis,2000,Blue
eda7d721-be2d-42e1-80ac-dfb634ac5ce0,WAUPL58EX4A528225,MINI,Cooper Countryman,2011,Mauv
36cef658-502d-4de6-9202-283053aa3cad,WAU4FAFLXAA968428,Subaru,Impreza,1993,Crimson
ee634db0-6def-4e65-9e43-7274c6a0b872,KNDPB3A2XB7900750,Infiniti,J,1994,Green
803dd02d-6f73-4941-9307-23166aaf5f20,SALWR2TF0FA430912,Ford,E150,2011,Purple
be616aad-dae5-4399-9ede-42b13d9da873,2C4JDGAG0CR461643,Dodge,Dakota Club,2005,Purple
229ef005-862e-4d92-af98-e21257dda6ac,19UUA8F25CA865567,Honda,CR-V,2004,Yellow
46299835-e79e-45e8-8308-e714c52f3c45,5GADV23L86D977992,GMC,Sierra 2500,2001,Yellow
28f1b9ed-d75d-47e4-9981-a36810857022,1G6KE57Y42U201286,Toyota,T100 Xtra,1995,Red
57b77779-1b40-422d-a670-1e57e6ff284c,WAUHF78P77A850205,Kia,Rondo,2007,Turquoise
bb2aa922-7f13-4a3f-b622-39902f24bd4a,WBA4B3C52FD620903,Nissan,Altima,2011,Teal
931dd86e-a84f-46fc-8dc9-5d5bb3325ac9,5UXFG2C51CL971180,Ford,F150,2008,Teal
9cd55ea3-b048-4da2-a3e4-2b045ec66099,3C3CFFJH4FT612897,Lexus,LS,2001,Crimson
6f199400-c8ce-4994-8a39-ac13a5ef784e,WVWAA7AJ1BW486139,GMC,Savana 2500,2002,Orange
824b4955-3129-4774-89cb-235d95158887,KMHTC6AD5CU804537,Mercury,Cougar,1987,Puce
ffb68ccd-e794-46d3-ae11-882af96a2b03,1FMEU7EE8AU642119,Jeep,Patriot,2011,Yellow
b1e106be-72d0-4b04-86d2-b9a013bb9834,1HGCR2E70DA163950,Ford,Mustang,1989,Aquamarine
737c48ba-20e8-4ff0-ac98-6c729af1edec,3FADP4AJ8EM951228,Toyota,Celica,2002,Orange
4033f713-7028-4e10-a6b7-a3ff08627c48,WBA3A5G5XEN930830,Subaru,XT,1986,Crimson
2b3288a7-ddc3-4002-9622-457429bf3a92,WAUKH78E47A271672,Mazda,Protege,2000,Green
6c575fed-76d0-4ab0-b757-941fad0b9b09,1GKS2GEJ3DR347079,BMW,7 Series,2006,Indigo
6c51b19d-bd10-497a-8cad-3836afa0cb18,WAUDG74F29N559955,GMC,Sierra 1500,2000,Orange
7f93ca35-2244-4135-8aa4-6e0f15f2e162,WAUBH74F57N747662,Pontiac,Grand Am,1987,Teal
1e685089-e859-49b3-94af-dd673f349509,1GYFK43529R938314,Lincoln,LS,2005,Fuscia
401334f8-016b-4aab-9514-7754fdb79c3e,4T1BF1FK5CU539020,Dodge,Ram Van 1500,1999,Blue
cf76dc99-0f05-44bc-b8d1-398f46fa5221,WAUUL78E27A445262,Volkswagen,Eurovan,1999,Khaki
ae7e1fe0-18d5-4359-be71-779e66347f98,WAUKD98P19A684757,Toyota,Tacoma,2003,Violet
40c251e8-e6ab-4336-9ec1-23b64b521fab,3N6CM0KN6DK237534,Ford,Explorer Sport Trac,2008,Teal
3c3f3da2-2ecc-426f-aa43-437221f64b62,5TFCY5F1XCX972090,Mazda,B-Series,2001,Red
3e7d4f0c-76d3-47a5-bb7a-d46ff2d7db33,WVGAV3AX3DW448170,Mitsubishi,3000GT,1999,Purple
5a3ededb-41af-4720-b1a4-a0b409a11102,3C63DRAL3CG348834,Volkswagen,GTI,1987,Teal
dd803e2c-f850-4392-b45c-17fd1df838a8,1G6DV8EPXE0219727,Ford,Ranger,2011,Goldenrod
30403af7-48b2-46d4-be16-be2189348093,TRUUT28N821145097,Cadillac,Seville,1998,Teal
55186ab9-2e55-47d7-aefb-1d2b1fc6510f,5UXFA53592L490045,Lamborghini,Diablo,1997,Maroon
8643e0c3-a193-4a12-b768-a51943d4458f,3VW507ATXEM979583,Pontiac,G6,2007,Teal
6014042f-b3a4-4c11-9885-95b5c7c7b9e8,KMHTC6AD4FU819230,Toyota,Venza,2011,Blue
d7ae1f07-7c2e-4919-ad3c-f644829bb545,1G4GC5GC6BF874304,Dodge,Dakota,2010,Green
d1cffc2a-6bc2-4166-b442-059eebac0af7,JN8AF5MR4FT552489,Dodge,Ram 2500,2009,Puce
8a5d67f3-83d8-42a3-8a05-84a3c54d0cdd,KMHTC6AD5DU450150,Chevrolet,Cavalier,1997,Teal
51c58caa-a755-4089-ba53-eeb1531ed9d3,1D7RV1GT5BS396678,Hyundai,Veloster,2013,Teal
e19dea67-963b-4e59-bc9f-ef8516f2dd99,WAUGL78E68A660061,Volvo,C30,2009,Puce
c49de47b-8e68-4c6f-9213-d913d69961c5,JN1BJ0HR0FM577754,Plymouth,Voyager,1998,Goldenrod
174639bd-c369-4628-92d1-6bb4669d4ec8,WDBSK7BA9CF274945,GMC,Sierra 1500,2003,Maroon
7da1a00d-e8ae-436a-8aeb-e1a72e5f6568,1FTMF1E81AK682734,Dodge,Ram Van B250,1992,Pink
c96b3350-ed59-4228-8044-b8718673ef64,WAULT64B04N383253,Oldsmobile,LSS,1999,Blue
6113043c-efaf-448b-b64a-efed1c44809f,WVGFF9BP0BD921908,Ford,F150,2010,Teal
5a6838af-ba12-4cb6-ad84-88944c809182,1G6DF8EY3B0607612,Mitsubishi,Montero,1997,Green
3734377c-b7ff-4c66-aa8a-01b84364b9fb,JM1NC2LFXF0634501,Saab,9-5,2005,Green
1a2101a4-7b12-4c5a-a782-adffc8e39221,WBAYF4C5XFG530375,Volkswagen,Golf,1985,Yellow
b5fba52f-2b0d-4fa9-9bf4-8324372ce37a,WAUXD68D51A559260,Jaguar,S-Type,2005,Puce
4e33dabe-dd6a-4083-bb84-33d0d6a08514,3N1CN7AP4EL039495,Ford,Probe,1994,Crimson
d28c3d2c-e61d-4b68-9424-c8d0bb634694,WAUJFAFH8BN615436,Nissan,Maxima,2000,Teal
f8f509bb-1154-4124-a6e8-e9d06a254735,WVGAV7AX3AW896265,Mazda,Mazda3,2007,Aquamarine
70bd7970-5dba-42ed-b313-553a95169a92,4A31K2DF1BE905293,Maserati,430,1989,Pink
96d15598-2789-4eaf-9284-44aaa54fc9d6,4T1BF3EK9AU418226,Volvo,S80,2007,Indigo
e7ff9e48-3592-459b-85d3-91f953605c97,JTHBL5EF2C5672805,Ford,Aerostar,1993,Blue
b0eb912f-5fc7-4cec-b548-baf79bef39cb,1GYFK43898R833469,Mitsubishi,Mirage,1995,Indigo
36862b9d-16f5-4c63-8a42-52bbf103c474,4T1BF1FK1CU537314,MINI,Countryman,2011,Red
4f636cde-5c15-40ad-933d-f824173de3f6,WAUGFAFC7DN872668,Daewoo,Lanos,2001,Teal
8bc4dee1-f05f-4810-88e6-8390a414b641,2HNYD28887H079236,Chevrolet,Silverado 3500,2009,Mauv
66994cd4-ae5f-4a98-8ca9-6bbdc26b16ec,1D4SD6GT4BC783974,Porsche,911,1997,Red
6244398e-c627-4875-9689-948cdeedd665,1YVHZ8BH0A5054651,Chevrolet,Cobalt,2008,Orange
6e3023ee-5303-4550-b6e2-c14b3f64d38f,JTDKN3DU3F0838184,BMW,X5,2009,Mauv
8e955d44-2766-4e33-a0d3-4f6460fb96e9,JN1BJ0HR6FM664493,Ford,Fusion,2013,Green
547e88a6-441a-48c2-aaed-e7bf0e89018d,WA1DKAFP4BA649572,Lincoln,Navigator L,2008,Indigo
2451cd99-8616-4639-a8f5-1ae5b282f24e,1G6DD8E37E0627490,Dodge,Challenger,2008,Fuscia
8a3c823d-600f-4c47-9ce9-837876f00b75,WBANU53538C935289,Porsche,911,2011,Teal
a2f8a37e-1dc3-499e-a0ca-9414a9be6696,KNAFZ6A3XF5205801,Saturn,L-Series,2002,Aquamarine
014c3578-2a09-4539-aedb-466cac592cf8,1G4HR54K24U883773,Honda,Odyssey,1997,Indigo
5f94a783-23a2-49a0-a5f3-ff066573fbbd,JM1BL1K5XB1972796,Infiniti,QX56,2012,Mauv
f6b63ab9-600f-415f-b7a2-670d9c8e5f77,1ZVBP8AM6C5097388,Chevrolet,Suburban 1500,2001,Mauv
b1a0220e-5fd0-47c7-9b33-69ccb047057e,WBAEV33495K351795,Mazda,Mazda3,2007,Turquoise
d07e0803-b434-4224-8a03-5cb6e1b88fd1,JA32X8HW3EU135662,Toyota,Celica,1984,Fuscia
90917ecf-c92f-44bf-b6bd-dde534036610,3C3CFFFH8CT990984,Dodge,Magnum,2005,Teal
452655d9-9edf-4cf9-b3f1-0ebf90765ea0,2T1BU4EE2DC470387,Toyota,Paseo,1994,Khaki
c51e9a54-7210-4857-b06e-97dc8543148b,3C63DPGL8CG437357,Mazda,B-Series,1999,Orange
57dd2d50-50bc-431e-8467-3f332023f04c,5UXFH0C52AL205747,Dodge,Ram Van 2500,1996,Turquoise
4d45809f-d4ea-4984-b292-5dd814481bb5,WBA3N7C56EK221240,Hyundai,Santa Fe,2004,Fuscia
a858f294-bc76-43d1-964a-c98fb9b2e354,WBADX7C57CE139088,Volkswagen,rio,2002,Orange
5ff2405c-16d3-4c8b-89f3-ae15126e6e1d,WBAAZ33443P264986,Volkswagen,Golf,2002,Goldenrod
50cbf790-6f74-4f0c-86be-566d42cb2ffa,1G6KD57Y75U564785,GMC,Savana 2500,2003,Indigo
cc2d00ca-b3ae-4067-92b1-b0f0ff7d2046,1N6AF0KX0FN490249,Mazda,CX-9,2007,Indigo
1cbc0205-0e83-4c65-b5a3-ac171e614589,WBAVB73588K687824,Mitsubishi,Mirage,1987,Goldenrod
dc8c7160-5863-4808-aa17-42e9f1e53da4,WBAYB6C52FG583384,GMC,Savana 1500,2009,Pink
2b6ab17b-ca54-4a25-9911-33f1f659bfcc,1GD02ZCGXBZ290894,Mercedes-Benz,SL-Class,2005,Khaki
c23d76a5-e380-4a4b-af69-4452e000bd94,3N1CN7AP3EL973714,Volkswagen,New Beetle,2003,Goldenrod
4a309ccc-d672-4e12-8e43-7d25785ba6de,1G6DS57V580109403,Mercedes-Benz,CL-Class,2000,Fuscia
8d23a325-8438-4253-876c-78531ad4453a,JN1CV6AP2AM768671,Mazda,MPV,1995,Goldenrod
b00cc50b-9d4a-4651-b2e2-cde3f0c42449,WAU4FAFR2DA420447,Saturn,S-Series,2001,Crimson
6fd397f3-4ad3-4469-a1d0-f32af536027c,YV126MFD2F2650237,Lincoln,Town Car,1995,Maroon
d5e9da80-00ed-4778-9126-ad3c6ad6edf1,3VW467AT7CM288079,Volkswagen,Eurovan,2002,Turquoise
c941707f-1207-4163-a253-8b6c619e36c4,SCFBB03C89G057562,Toyota,RAV4,2010,Blue
651296ce-91b4-46d7-901d-13eb3b159cc6,WAU4GBFBXAN539762,Nissan,370Z,2009,Khaki
50ceb4f6-2dc8-4bc6-8d22-062dab04b87b,2C3CDXJG4FH256639,Buick,Regal,2002,Fuscia
7edc6efe-4ae8-4d1d-8d7d-90d2d0abe8c3,JM1DE1HY3B0522093,Mercedes-Benz,S-Class,1990,Violet
36e00126-d5d6-460f-911e-3ee3ac8582e9,5FRYD4H21GB551021,Mercury,Mariner,2010,Aquamarine
92c54683-3aa2-4474-b784-567862d35e84,1C6RD6PT4CS029662,Jeep,Commander,2007,Indigo
9d125d66-8bde-44ec-bfb5-98b084278a95,1B3BD2FB0BN108613,Dodge,Stratus,1998,Red
14e2717b-0bfe-47bd-a8a8-cb0f03f01bf3,WAUXF98K49A374834,Pontiac,GTO,1967,Red
f41f2aeb-88ff-4897-95e9-85e0a9c3a369,4T3BA3BB4AU813599,Lotus,Esprit,2004,Purple
18323168-2e74-4783-a738-01d8d4b75cc7,1HGCP2E74CA950694,GMC,Canyon,2004,Puce
b4fa4aaf-69f0-46f2-8233-aa3aff92329b,WBAYA8C53FG560775,Ford,Focus,2003,Purple
c80a5261-7e65-4329-9eef-35d67ff3aa6c,2G4G05GV7B9335662,Isuzu,Trooper,2000,Teal
f9ab09de-81e5-4174-a0af-aab418099a2f,19UUA9F56EA093888,Subaru,Forester,2010,Mauv
48b33b75-6677-497d-ae5d-cdfe581d3a7c,KMHHT6KD4CU401296,Lotus,Elise,2005,Purple
cc682555-301a-4a70-9cfc-63682c730b24,5XYZG3AB2BG488935,Maserati,Biturbo,1987,Goldenrod
45149e4c-05c2-4478-b906-fb6d5f9af971,1N6AF0KX6EN408619,Saab,9-3,2003,Maroon
73b75417-878c-406a-9271-71c5f55361b3,5N1AN0NUXBC556136,Volvo,XC90,2009,Purple
f0711d1b-2a8b-4be0-a133-0c0f531adaa3,JN8AE2KP1D9323300,Hyundai,Equus,2012,Khaki
96e7d67a-7460-4c0a-b9fc-95d60d331ba4,1FTNF1E89AK386316,Scion,xA,2004,Purple
bd72d289-a259-4afb-923f-2ff27fd3f6f1,WAUCKAFR5AA337601,Mitsubishi,Galant,1993,Green
33e0573f-ef05-405d-9761-b222dede2c1a,3D7JB1EPXAG166491,GMC,Yukon,1998,Orange
41d7e97d-dcb9-45e8-a69e-dd4d026fbe44,4T1BF1FKXDU817332,Honda,Ridgeline,2010,Goldenrod
444af2d8-08e6-4f5b-9d95-cfd1131621c2,NM0KS7DN4AT306035,Ford,F250,1992,Pink
1a504209-34e0-43c2-b3c9-a3fd4c94f36c,WAUBFAFL8EA328943,Toyota,Tacoma Xtra,1995,Teal
bffd7fee-0997-4ba5-8142-30ebc7c20201,3GYFNBE35FS318704,Chevrolet,Suburban 2500,2012,Indigo
4b8db544-d4f9-4f7c-b2f9-5ad55159c17e,WAUFFAFL4AN868200,Chevrolet,Impala,2004,Red
36c47e42-40ca-4a4f-8a94-fb6da1c35cfb,1D7RV1GP1AS975801,Chrysler,Town & Country,1997,Maroon
7ffb2717-1285-44b1-b303-74902eff29b5,1D7CE2BK9AS783629,Dodge,Ram Van B150,1993,Pink
d9a10e51-72a8-467e-8a40-e0c5cf965733,1N4AL3AP3DC783107,Volkswagen,GTI,1986,Violet
6ffe80a1-43bc-4093-a25d-02bca3d2fed2,WBAPK7G50BN541362,Plymouth,Laser,1992,Aquamarine
1427f45b-30ef-4882-a3ff-8d8844845d81,2C3CK5CV0AH041791,Audi,S4,2000,Fuscia
3c57d54f-0236-4719-a1c7-75b6ea2b553b,5GAKRBED8CJ365693,Mazda,B-Series,2005,Puce
e1a63414-e111-437c-9c2e-1f8b84f37bfe,WDDPK5HA4FF734672,Chrysler,PT Cruiser,2001,Teal
a6bfda98-143f-4bc5-b0ff-0926f518b267,JN1EY1AP8DM065146,Land Rover,Freelander,2008,Puce
ef2e065d-ce50-41b2-947d-d9fc426da3b9,JN8CS1MU4FM363790,Mercury,Cougar,1997,Red
72a1984b-42ed-4009-8f36-a32ec1d5d47f,3C6JD7CT8CG900501,Porsche,924 S,1987,Orange
2f15f9bb-5ce8-4651-8fb8-1a7a7c9b8a21,JH4DC54835S764523,Buick,Roadmaster,1995,Goldenrod
5c972b6d-d542-44a4-af9c-06a2356f903d,JH4DC54812C705170,Oldsmobile,88,1996,Violet
85908cfc-22f4-4f49-a534-723b9b362a52,WA1DGBFEXBD446285,Isuzu,Amigo,1994,Orange
cf645e62-d010-49cf-a8bd-97835cefe01a,3N1AB6AP4BL560531,Ford,F350,2009,Pink
e02dc9b1-b0c5-4584-894a-926e51ad4e02,WDDHF0EB5EA930804,Honda,CR-X,1985,Khaki
5c1509b6-9c0a-4599-83ef-574eff410048,YV4902DZ8C2348615,Jaguar,XJ,2009,Goldenrod
4421bf7a-841a-4387-8562-6d3b505605bf,WBAUN7C55CV110906,Honda,Civic,1998,Yellow
ef20b783-acf1-4db8-9d01-a0db62063dac,WDDUG7GB9FA556717,Dodge,Ram 3500,2007,Purple
b634ee2d-57b2-4472-a595-160a150b5ae3,WBAGH03431D286164,Saab,900,1986,Violet
f53399bd-98ff-43c9-99e3-dbe1cbcc8538,3GYT4LEFXBG515340,Jaguar,XJ,2006,Crimson
52432fd0-1665-48fd-b9a4-f5bbf8e3f7c9,1GD01XEG9FZ965497,Pontiac,Firebird,1999,Teal
7b60a97f-4724-434a-a20d-6df4c598d9cd,TRUDD38J381851497,GMC,Yukon XL 2500,2002,Violet
d68bb21d-b17a-4e22-b281-c307791bd44e,1N6AD0CW3EN431108,Acura,RL,2008,Purple
a0f9e848-2f07-4693-9fe6-e14040857c32,WAU2MAFC2EN021959,Chevrolet,Silverado 1500,2010,Yellow
0448eaed-12c3-4396-95ae-a754313575d0,WBAWV135X8P927693,Infiniti,FX,2006,Red
14623797-dca4-43f6-a0a1-f8781ddbe9b9,WBADS33483G755353,Volkswagen,Passat,2004,Pink
b7630bab-9ca0-4e0d-80ee-eab2c453ea6a,1G6AT5S30F0924885,Chevrolet,Express 2500,2008,Crimson
53160a49-324b-4500-95e4-71f0e558d1d3,SCBLC47J47C556477,MINI,Cooper,2008,Blue
9764663d-62f8-4abe-bb0b-b2b109915d5d,JH4KB16308C903901,Porsche,Cayenne,2006,Mauv
d6eef76d-e39e-490f-bf2a-9d7645f9dd70,2HNYB1H20AH393028,Chevrolet,Blazer,1993,Turquoise
4ba59a58-758e-4bba-be1e-085c3d3cee2b,1FMJK1H57CE429608,Land Rover,Discovery,2006,Khaki
ebebe44b-adae-4142-90d9-b8599a610588,1GYS4AKJ5FR238093,Toyota,Tundra,2002,Blue
fe406456-0317-40b7-b81e-5393567ec574,WBABS53482E421630,Ford,E250,2003,Teal
d42c6913-ef4a-4715-8275-87d1c9f02d15,2LMHJ5AT0FB859585,Lexus,IS,2009,Indigo
21e849fa-6ac3-49a5-8558-2c16710e4093,2C3CA1CV5AH084115,Chevrolet,Beretta,1995,Violet
6d36fd5b-1f16-4f9e-a120-71b2184e2be1,1GYFC13269R293118,Chevrolet,Express 1500,2006,Crimson
f09c5dbd-1b36-4881-8181-7b94b572739e,WAUEV94FX7N786474,Chevrolet,S10,1992,Green
2e960f0f-9cd5-4c1a-999c-f302878a58a9,2T1BPRHE5EC280035,Toyota,Avalon,2006,Orange
dba01ab6-d091-4c43-b41a-f4cc77c9d566,JTDKDTB39C1993552,Lincoln,Aviator,2005,Indigo
3115b6c3-af18-4511-9598-49c4405758f1,1G6AJ5S33D0526024,Lotus,Elan,1993,Blue
b1248a2e-5606-412f-aa20-cc3a41cff283,JHMZE2H74ES550382,Nissan,Altima,2006,Aquamarine
5c59168d-f4b5-455d-9950-afeb0739c5b4,5GADX23L35D782195,Honda,CR-V,2002,Fuscia
4cf13de3-2a08-44ba-ac99-79a41d686de0,1FTEX1E81AK320985,GMC,2500 Club Coupe,1995,Violet
5bd1210c-6994-4e39-9394-8e2a70027398,JN1AZ4EH6CM608878,Cadillac,Brougham,1992,Violet
6db42f13-338d-4cbd-9c9f-991282623782,1G6KD57YX7U149933,GMC,2500 Club Coupe,1994,Teal
609f1916-2330-4f99-8688-dcd8349488f2,SCFBF03B97G869736,Ford,F-Series Super Duty,2010,Orange
7727c6d5-ba56-4dd1-9f12-df696f59ca54,2C4RDGEG8FR010722,Hyundai,Santa Fe,2003,Violet
0df008a7-619d-4490-a928-ba0175ada204,3N1AB6AP2AL945360,Mitsubishi,L300,1987,Khaki
8155740b-47d6-4bba-8d8b-411a79eb1b08,WBXPC9C43AW117615,Mazda,Tribute,2010,Red
07bda453-52d0-4b33-8d87-83a2743ddaac,JTHBP5C24A5830272,Lincoln,Continental Mark VII,1989,Red
8fd44e91-93de-4381-9289-d8e80b68a4de,1N4AB7AP4EN523282,Jaguar,XK Series,1997,Crimson
a94e4e9b-3280-4af1-826b-bc907311ee99,1C3BCBGG3CN499533,Audi,S8,2001,Aquamarine
9c4582b2-b175-421d-9a5d-81512af0ebfd,1FT7W2A64EE035062,Porsche,928,1988,Purple
0604dd51-8895-4f44-86d2-62ab7c5ef7f9,1G4GA5GR3FF896485,Volkswagen,Jetta,1984,Goldenrod
7f20fdc5-2ec0-402f-83bc-fb240593257f,WAUMGAFL3CA479112,Bentley,Azure,2007,Goldenrod
f7a2e92f-28f2-4575-b926-b04c39948fb8,3D73Y4EL4AG639680,Mercedes-Benz,S-Class,1999,Crimson
bf78649a-1579-4625-9c65-cb28b2a00aab,WBA3A5C50CF621297,Audi,A6,2004,Indigo
5cbbd4dc-536e-47d7-8335-2b3e2b95a3b5,5LMJJ2JT0FE886699,Acura,ZDX,2011,Maroon
7b0cfd9f-262a-4b46-a499-6fe995c70e7e,WBA3B3G50FN428976,Toyota,Land Cruiser,2002,Green
851107da-b009-4a29-8c03-c9e181e0254d,4T1BD1FK3FU350666,Buick,LaCrosse,2012,Green
e47d133f-51a9-43d8-af5e-93d52fc94d8d,JHMFA3F25BS034491,Plymouth,Neon,1995,Pink
7991dc80-7b52-40d4-a019-5de712823878,JTDZN3EU3E3251588,Cadillac,Escalade,2005,Pink
ff43d51b-27a2-4eee-8110-c0a957e45afb,1GYS4LKJ9FR240019,Porsche,Boxster,2009,Puce
64f46c7b-7f73-43bd-a7ca-c0ff56544ca1,1N4AB7AP9DN210615,GMC,Suburban 1500,1998,Maroon
c20cd9dc-ac24-43db-bf1c-9cf2b35c9436,5GALVCED5AJ379621,BMW,X6 M,2012,Red
f6ec13ab-0c35-4849-9d0d-7d0bf87da23b,1D7RW2GK7BS243729,GMC,Safari,2005,Purple
a032d783-99d0-40d0-bc3e-1bb7317bfe9b,5J6TF1H34BL039637,Mercedes-Benz,SLK-Class,2002,Green
acfbbaff-d33e-4175-863b-cfe4a4558faa,WA1WKAFP8BA985590,Honda,del Sol,1997,Indigo
067dcede-38a2-4483-b2ba-b7ca93e571f2,1GTC5LF94B8391678,Mercedes-Benz,E-Class,2010,Aquamarine
f341b0c8-7b27-4a63-b14f-f08f5db95b94,4A31K2DF4AE257219,Ford,Expedition EL,2007,Teal
765882c5-5c2c-4e7d-91ef-aac7308333c1,1LNHL9DK5FG163247,Ford,Thunderbird,1993,Goldenrod
eedbfea2-bc9d-418d-bd44-15ec92cf94d9,2T1KU4EE5CC623987,Infiniti,G37,2008,Aquamarine
2135b77d-c43e-4b02-9f66-853903f0f986,WA1LGBFE3FD396122,Audi,A6,2002,Teal
6d76b98b-d7ac-40e1-80d6-f1586025af77,JTHCL5EF7F5799526,Mazda,RX-8,2006,Indigo
0dc17b39-535c-4f44-aa58-97910783f841,WA1WKAFP6CA395664,Ford,Aspire,1994,Violet
6db9fca6-8e27-4376-9c6e-29487d6d5842,5J8TB18297A833921,Pontiac,6000,1983,Indigo
f7566826-b917-4e41-900c-5d43a2e60582,1G6AB5SA1E0550724,Aston Martin,Vantage,2008,Green
b30bcdb1-3744-48b4-a041-a92c013600b1,1G6DK1E38D0317036,Suzuki,SJ 410,1984,Puce
8608eff4-904c-4544-a9c9-dde491e9c133,JN8AE2KP4B9035414,Volvo,S40,2001,Violet
f59461ab-e8ae-4a9e-9cd1-82589ce537d5,SAJWA2GTXEM471402,Isuzu,Rodeo Sport,2002,Puce
4f449ded-8a8b-4c6f-9a29-b88b25caa433,JN1BJ0HR7EM656868,Nissan,Armada,2009,Crimson
43c512c7-d4f7-44c0-8b39-d06d7c0ceadf,1N6AD0CW5EN554893,Ford,Econoline E250,1998,Blue
409815f0-25ad-48d6-8d1a-3ac880936e17,1G6KE57Y61U305096,Mercury,Montego,2005,Violet
d046f561-689e-4134-8330-05fc025aabfc,1FTEX1CM3BK084809,Honda,Accord,2003,Blue
f45b16ef-45fc-4227-a8a1-847379810e8e,1FTEW1CM5DK412088,Chevrolet,1500,1998,Turquoise
59c695f6-7066-45d5-9b72-2b3d27638e98,WAUAFAFH1BN874477,Lincoln,Town Car,1991,Mauv
4dc96ee5-aaab-4fdf-9c72-b6fc16c6eef4,1FTEX1CM2DK409503,Jeep,Compass,2009,Indigo
8c608d8d-2629-43bc-9dc6-91c000cad3a8,19UUA56633A667216,Jeep,Compass,2007,Fuscia
ea377281-f405-47f4-9621-524d49b520e9,JTJHY7AX9B4356276,BMW,5 Series,2002,Blue
bbf9f900-fb89-445d-9962-ee569e2c5519,WAUGFAFR5EA257677,Subaru,Impreza,2007,Khaki
9e7eea78-88b3-4d22-bf2d-f7dc495f43eb,5YMKT6C58F0480864,Land Rover,LR4,2010,Aquamarine
62fbcb98-7b8e-449c-9bb2-30c843bec454,WBANV1C53AC249667,Volkswagen,Eurovan,2003,Purple
0648a9d1-35e8-4a9a-b05e-24f3d6865f3e,JTHFF2C22D2328871,Mercury,Grand Marquis,1997,Fuscia
c93bc0ee-e80c-4ac5-9e1c-0d744a4752b0,JTDJTUD33ED427180,Chevrolet,G-Series G30,1996,Goldenrod
367fb879-6fc3-4518-b3d5-c31a12aa09a5,WAUNF78P96A235754,Mazda,MX-5,2003,Blue
2c34c5c2-60fc-4d94-8366-cb9839ec2a59,WVWED7AJ8AW268092,Chevrolet,Tahoe,1995,Maroon
e44bb696-b8d5-488a-922a-1973e87f08c2,3C63DRGL7CG879302,Kia,Rio,2010,Mauv
f3e5d17c-5a4f-4f1c-938e-dd4d82bc56e6,JM1NC2JF1C0939559,Acura,TL,1999,Mauv
8d7779b2-9d76-415e-94ad-e05b42978846,YV1902FH0D2744220,Lotus,Elan,1990,Goldenrod
75cbe52c-b5fa-4eae-bc32-cdedb5ddbaf0,WBABS33452J838067,Rolls-Royce,Phantom,2010,Blue
89b71394-9eb7-4f89-ab15-1b5835c8fb2e,YV4852CT4A1161269,BMW,X3,2005,Blue
ee64f062-d4ae-4bb3-9385-247a5ad04224,KMHTC6AD9DU831547,Toyota,Tacoma,1997,Yellow
78b959ae-c338-4594-bde1-cbc3cb7e5c9a,2LMHJ5AR0AB099803,Ford,Escort,2004,Teal
f91f5528-97fc-4753-ab5c-b32171518201,WAUBVAFB1BN486135,Ford,Mustang,1979,Fuscia
8e263df3-00b4-4475-8faa-1e3b47497ee9,WBAUP73569V079121,Pontiac,Grand Prix Turbo,1990,Aquamarine
9c28a7dd-a339-47da-a51a-8832c95621e8,YV1672MK5C2351681,Honda,Odyssey,2006,Mauv
e58d7745-76bc-4ffe-99d5-fb1bfe0065b3,1N6AF0KY9FN281519,Maserati,Biturbo,1985,Teal
2902a385-fecf-4150-a9c6-6f8f1da82900,3C63DRNL7CG856427,Toyota,Sequoia,2011,Green
e9ce9e49-a17e-4bf9-a286-146740889233,1G6KD57YX6U371516,Infiniti,QX,1998,Green
5dccd360-5e6f-463f-a0b8-ee4472f4f3ab,3C4PDCBB1FT117715,Chevrolet,Corvette,1953,Khaki
76a4914d-8dcc-4f71-8bf5-e4eb400298d2,1FBNE3BL0CD032378,Chevrolet,Corvette,1955,Orange
2c5cee2d-d622-41f2-a21b-cc249ada129e,WBA3B9C53DJ935142,Ferrari,612 Scaglietti,2006,Aquamarine
f9b1cebf-f970-4795-aab2-1985bcaa2f05,SAJWA4GC6EM289014,Chrysler,Sebring,2009,Blue
6d894c51-abba-428a-aaed-35b95e0758e5,1GTN1TEX6BZ338785,Dodge,Dakota Club,1998,Puce
3288324c-e0e0-413f-b84c-e008bc513ca9,KL4CJGSB5FB577664,Audi,R8,2010,Green
6d5456b8-a8f3-4af9-82ce-ccf4c815780f,YV1902AH8B1996890,Mazda,MX-6,1990,Goldenrod
f8371453-947e-40cc-94f4-b43dfe18c19c,1G6DK8EG6A0698313,Mitsubishi,Endeavor,2011,Yellow
b7b9e445-f2c9-41b9-8ccd-38fe189e80ef,WBAUU3C51AA273083,Dodge,Stealth,1993,Red
ba661932-8a2d-470a-a695-060d9a7ae4a0,3VW1K7AJ8FM686337,Mitsubishi,GTO,1999,Maroon
0b8e2732-5f95-41a9-ae7e-d480487f19ee,JH4CU2E66AC363749,Mitsubishi,Expo,1994,Goldenrod
a7a2cf9a-0ae4-4ce6-9435-91e47fee2c46,WAUDG58E75A688779,Dodge,Charger,2010,Pink
c9842aec-d264-4db7-9690-d49480c5f1c8,5UXFE8C53AL526137,Ford,F250,2011,Khaki
e2bf4959-61e3-4d2d-b2ce-ed713fdfb965,3VW507AT0FM799935,Volkswagen,Tiguan,2010,Purple
9ffa13ba-885c-4134-b62d-32123c0f2b30,3C63DPKL6CG460708,Lotus,Elise,2008,Blue
d8175cad-9e0a-484c-9b26-529e1e8c5cc1,WBANW13539C417011,Nissan,Murano,2004,Mauv
f75d1285-ae86-464d-b159-baa5305fc69b,3MZBM1K77EM804973,BMW,525,2002,Fuscia
7dab53b9-6068-4da5-8311-ebbde8f2ee52,1N4AL2AP9BC044783,Lexus,SC,1999,Purple
dff82259-298c-484b-b669-c337f0592952,JTEBU4BF2AK261346,Honda,Insight,2000,Yellow
5494bc07-a1bb-4082-8c04-6f05d7e2d613,WBAUP7C50CV618291,Ford,Fiesta,2001,Turquoise
1735d667-6c52-4daa-bb01-fc463bee21ad,WP1AA2A24EL662890,Toyota,Tundra,2009,Crimson
e90d7353-e690-403a-a716-bce69dd5d0cd,WBACK73481L428572,Mercury,Tracer,1993,Yellow
1811c3b4-dc46-4016-b676-46434f4aae30,3C4PDCBB4CT917033,Buick,Park Avenue,2005,Yellow
c13afa6b-0226-4577-afeb-2f2f993586c4,SAJWA4FB5CL173282,Subaru,Outback,2003,Purple
bfd38761-bd0b-49fd-b7d9-cc6e34854654,1G4PP5SK2E4474405,Cadillac,SRX,2011,Aquamarine
beb6dc0d-3e20-4a96-94d5-f668dbb26a92,1GKUCHE00AR781734,Plymouth,Neon,2000,Purple
632473dd-2f8b-4dd0-a653-34b767c6601e,WA1VGAFP4EA989475,Chevrolet,Impala,2006,Aquamarine
be1a1427-6db6-4965-86cb-df75c7e1c605,WAUDH78E37A499526,Mazda,MX-5,2008,Puce
9bff8642-575e-49c4-bdc4-d807cdddf64d,5GAKVCKD3FJ004589,Isuzu,Hombre,1999,Teal
4d64a91e-c078-46f2-b247-2565ae2cb57b,WBABN334X3P330764,GMC,Sierra 1500,2006,Violet
ad05ead9-f990-402b-a127-7ada6c424c4f,WDDHH8HB3BA052869,Oldsmobile,Achieva,1992,Maroon
bd3d4ba7-7525-44d9-b8be-a52cf499668e,KNAFT4A23C5930410,Ford,Club Wagon,1998,Crimson
f3331ff2-6905-4087-81ee-36535734c014,WBAET37472N930603,Isuzu,Trooper,1994,Fuscia
85846978-c7ed-4aaa-b640-cc9174b45d3e,WAUPL68E44A508462,BMW,M Roadster,2007,Fuscia
b38cbcf2-f086-4e30-a191-dfa0a33bf6f5,JA4AD2A39EZ757313,Pontiac,Grand Prix,1986,Mauv
982dd294-d9bb-4c99-8e71-ee372f34801a,1N6AD0CU3EN815128,Mercury,Sable,1987,Violet
846e8480-ac11-49c1-a76d-841989e5cc0f,WA1DGBFE2BD365250,Jeep,Compass,2009,Orange
9c94656b-f56e-4c08-b7b4-ca8663c93bc4,1G6DK8EG9A0163931,Dodge,Ram Van B150,1993,Red
40dffe3f-e325-4ac8-9bf7-eef98e03db09,YV4952CF2C1182459,Eagle,Talon,1990,Teal
2f2ebe8b-bd2e-484f-85fb-61c6e5080073,WAUSF98K29A405752,Hyundai,Elantra,1999,Khaki
31e8509f-54a9-49b2-980d-2b7154b3853f,1G6KS54Y33U854156,Subaru,Impreza,2004,Fuscia
396c3316-fe08-474d-94be-d20c5d455f20,1GD01ZCG3DF681036,Volvo,C30,2013,Aquamarine
cf64b352-3183-4d78-9c79-c35dcbbf1560,SCFFDCCD0AG663240,Dodge,Durango,2008,Mauv
acd037f0-8680-49f8-9f3f-294e736e5630,WAUKH78E88A498851,Buick,Regal,2002,Aquamarine
d0f9f047-a6ae-4a93-8f31-9463b46d20f9,JN1AZ4EH3AM704206,Mercedes-Benz,E-Class,1991,Crimson
3cfd937e-a445-4234-85ed-7c1371e341f4,JM1BL1H40A1598681,Oldsmobile,Cutlass,1997,Teal
2057c7e9-c2a6-4883-900f-fa90b1ae2a88,WBAFR9C56DD512790,Dodge,Dakota,2001,Goldenrod
eda0e7b9-7d03-4c09-a135-b380d67973e3,JM1NC2EF5A0402006,Ford,Taurus X,2008,Purple
5144ca59-a554-4070-8cbb-4d09fc193b5b,TRURD38J091148480,Subaru,Justy,1988,Crimson
9b96723a-2560-4143-9b59-e77b814e0a71,2G4G05GV6B9758832,BMW,525,2003,Red
b6313a06-0810-41eb-828b-c32ca0bca14b,WBAFZ9C58CC486049,Toyota,Avalon,1996,Indigo
8a2dc8b9-2e14-48b7-b943-8a71aadd955f,WBAEW53403P300971,Ford,Freestar,2007,Purple
0ec68c10-a9be-4f56-8bb0-b3372e145b6d,1D7RE5GK3AS820369,Studebaker,Avanti,1963,Aquamarine
858038db-dca7-4b94-a2f1-a0ff5ca60173,1FAHP2D85FG624344,Chevrolet,2500,1995,Indigo
21f636f2-cd49-4e14-b2e8-bafb72e3bf4b,WVGEF9BP3ED410385,Ford,F250,1996,Turquoise
86f9d4a8-70eb-407a-85b6-34b48cd5a1d0,5J6TF2H58DL023578,Jeep,Grand Cherokee,2002,Indigo
ecd65191-9041-45ea-aefa-ca7289e3ee78,KNADH4A31B6893464,Lexus,IS F,2009,Green
2643e892-cd85-4fd5-b3c4-38045405172f,1C3CDZCB0EN576740,Chevrolet,Cavalier,1999,Orange
6ae176aa-46e1-419c-8c00-1aee6d5e6961,1G6DH8E59D0727692,Mercedes-Benz,SL-Class,2006,Blue
b66d0433-0acd-46e0-aeff-adfa66f7d693,19UUA65596A506792,Pontiac,6000,1983,Green
d35e706b-506b-4e30-9b24-7128b031b8dc,WAUJF98K99N137092,Jeep,Wrangler,2012,Pink
82aefb3a-4df3-4f49-b557-74bf1b3816eb,1G4CU541124023571,Oldsmobile,Silhouette,1996,Indigo
838b4c60-7f94-4d36-83f9-8643b2ca260a,JH4CL95806C759079,MINI,Cooper,2007,Crimson
09b1cfba-0852-4fa2-9c4f-2fa831e29bf8,JTEBU5JR2C5054765,Lotus,Esprit,1999,Orange
db3a1241-8029-4df5-a7c4-a489e2eaf825,3D4PG4FB3BT685629,Honda,Insight,2003,Puce
aa5c7cbb-ccde-466b-89d3-49b4a648eefa,3N1CN7AP7FL146171,Chevrolet,Prizm,1999,Red
4d57c667-57f1-4304-a79d-1ff831fff44b,WAUPN94E28N733155,Cadillac,Escalade EXT,2012,Mauv
2537e902-adc5-4cba-b530-54e254da9bfc,19VDE1F73DE563692,Land Rover,Discovery,2002,Blue
c970516b-ba88-4603-ae6d-eb7dc33587c5,2C3CCAKG3FH157874,Ford,E-Series,1988,Blue
81f611c6-1a08-486d-99bc-b057ff054456,3D73Y4CL7AG474744,Mazda,Protege,1997,Pink
851a0881-8745-48e2-bc66-c77aa5c9fa60,SCBBP93W29C412010,Pontiac,Grand Prix,1997,Aquamarine
530cdd59-40ce-477e-80ba-9b35ca86b430,2G4GV5GV9C9523554,Nissan,Pathfinder,2010,Green
dfe6962c-306d-4513-ad91-08679e867739,WAUUL68E95A721413,Kia,Rio5,2008,Pink
24a7e6db-99e3-4f8a-9da3-e298ae4d684e,WBXPA93444W413625,Dodge,Grand Caravan,1999,Fuscia
41fc1153-7398-4a13-b3ad-9e7f24ad6e7e,1GYFC23229R808606,Buick,LeSabre,1989,Purple
ec6443da-d1fd-44b5-ad07-69476c2c30b3,3N1CE2CPXFL152594,Hyundai,Elantra,1998,Green
8ce4f414-8d94-4571-89b7-73e2e4a57747,WAUEH98E37A946131,Mercedes-Benz,S-Class,1990,Crimson
debacec4-2caa-44c0-92cd-419c9c734d11,JH4NA21633T246818,BMW,5 Series,1999,Fuscia
5ec31ca2-5d98-4dd9-8409-90e20829514e,5UXFF0C54AL472684,Dodge,Viper,1998,Blue
f0031d85-4adf-40d2-8650-62cc17b9d849,WDDEJ7GB9DA687357,Dodge,Dakota Club,1997,Turquoise
b2ae55ee-70cd-46d9-8902-a47b9aa63784,WA1CFAFP9BA329664,Mazda,Mazdaspeed 3,2012,Blue
66950511-3f3a-405e-aa30-8d77d2c0dded,1C6RD7JT2CS594460,Volkswagen,Golf,1994,Violet
3bd5a934-27d8-47c2-9f61-ec39b663fb97,WP0AB2A94AS419319,Volkswagen,Corrado,1991,Indigo
866489d9-85ad-42f1-82ad-21a61b443fb6,WBA1F5C53EV161473,Chevrolet,1500,1996,Green
bc600748-e58f-4857-9c9a-5a79cf3391dc,KL4CJESB6FB870090,Volkswagen,Passat,1986,Pink
2032e13a-6c3a-4276-9dcd-687e0eb28dfe,19UUA76558A764251,Spyker,C8 Spyder,2004,Violet
d383a307-fc86-4ffe-8f37-b1e1300ca57c,1J4AA2D1XBL850567,Honda,S2000,2004,Violet
593de640-378c-4ec9-9b9f-ff130417601b,3FA6P0LU4ER963288,Mercury,Topaz,1991,Crimson
ba2d7d62-546b-4352-8fec-4cb533a51b91,5GAKVDKDXDJ162088,GMC,Savana,2008,Purple
ad8add14-161e-4b69-a44e-11c98cb0d8e6,WBAHN83576D523721,Ford,Ranger,1991,Purple
ea4b4752-34d6-4426-9a52-af41cb7f4982,1HGCP2E71AA623313,Ford,F350,1996,Teal
076facde-1aa1-488b-80e6-87e0a940fe7d,1G6KF54904U337539,Land Rover,Discovery,1999,Yellow
8d018392-112e-401a-a06b-c1ea563a0714,WBA3D3C57EF463670,Pontiac,Firefly,1988,Crimson
7f948d32-0cb4-4547-ae02-4df4d3aa82fe,WDDPK4HA4CF565520,Ford,Mustang,1968,Aquamarine
c1096cc3-65e9-41db-a77c-59a7daf7d385,WBA3N3C57EF258900,Hyundai,Tucson,2007,Yellow
257f5f7d-d35b-40c4-b0a6-b624921cfbb9,WBS3R9C52FF483259,Mitsubishi,Mirage,1985,Khaki
eb1feb62-09c7-4c33-b56e-f1218ccd3aaf,SALME1D43CA461741,Audi,RS4,2007,Khaki
dc5a742f-d906-491c-b8a2-01ecd66cfed7,4A31K5DF7BE852004,Honda,Accord,1995,Purple
b638fa76-9b8a-4f5c-bf42-67cfe203a0e7,1FTEW1CW7AF213713,Volvo,S80,2001,Khaki
ea25eeec-8bd5-4640-8c7a-934129ed5bdb,1GYS4AEFXDR639224,Mitsubishi,Mighty Max,1986,Orange
542fdb8c-5ceb-47e3-929d-a3239a7e661e,1G4HE57Y66U088644,Dodge,Dakota,1997,Mauv
4f5bd3cf-3276-4092-83a3-4b1ef0b832d4,2T2BK1BA7EC085698,Ford,E-350 Super Duty,2006,Purple
470bbfd8-b88e-42a1-98d9-274578eeb39a,JTDZN3EU0E3160715,Nissan,350Z,2004,Crimson
7589198a-a7e1-47fe-b0b0-6c30a5df6722,WAUML64B12N208060,Chrysler,Cirrus,1999,Indigo
081edc77-9f3e-4f73-80d3-bbfbd67d42ef,JN1AV7AP3FM662377,GMC,3500 Club Coupe,1997,Maroon
ca47de54-9a94-40c9-adba-b8f802096339,1GYS3TKJ2FR391349,Chevrolet,Blazer,1997,Yellow
bf9f2c0d-f3a4-42c6-aba7-9ea4bfe015fd,JN8AE2KP4F9779164,Audi,90,1991,Purple
484d1aa8-50f8-4a1a-b4c6-218a343c09bd,WAUDH98E86A824164,Ford,E-Series,1988,Turquoise
6e2217db-d8f1-4288-9afa-106de4b2c22f,1N6AA0ED3FN104357,Mercedes-Benz,M-Class,2004,Teal
1102adec-0cdb-40be-b512-828598c8d93a,KNADH5A31A6534071,Acura,CL,1998,Violet
ecd09e3f-5238-4016-ac23-2bdf65d9ce0c,JN1BJ0HR1FM897021,Toyota,TundraMax,2007,Teal
3da952fd-bd43-43ab-af3d-9f0a8e97098f,WAULFAFH1DN365386,Bentley,Continental GTC,2008,Indigo
ca546852-a192-4401-bf7f-8269942e9b22,WAUSH94F97N486340,Mercedes-Benz,S-Class,1989,Orange
d100d3f6-3e9f-4345-a060-b1f21471dceb,1GYFK23239R825207,GMC,Savana 1500,2000,Blue
8263a3c5-d92e-4922-aeba-7bff0f1a7bdc,1C6RD6NT4CS883179,Saab,9-7X,2008,Maroon
c18cbe51-0a6e-4580-ad34-8f8384ca89fe,WAUVFAFR3CA629926,Geo,Tracker,1993,Mauv
fa94b22d-e9da-432e-8709-2fd53bae0e1b,1GYS4JEF2DR243952,Land Rover,Range Rover,1994,Purple
904a1bd7-4218-410e-9da1-798457c7dd76,2G61S5S33D9988425,Hyundai,Accent,2009,Puce
151a5e1f-ae53-4a1a-bca9-68a622887dcd,YV1672MK2C2750502,Ford,Taurus,1987,Blue
e466c23f-2bec-435e-884b-d0ffb09c21f2,WAUBVAFA9AN587283,Dodge,Grand Caravan,2007,Puce
13ef8a7f-262e-4b85-8ffc-c5815bd9418e,2FMDK4AC5AB983357,Lincoln,Navigator L,2009,Crimson
90659249-476f-486c-ab93-153260392d5e,JM1NC2JF2D0551287,Toyota,Echo,2002,Turquoise
673ce129-1a74-4b1d-858a-aa691d1f0e76,SCBDP3ZA9AC917175,Subaru,SVX,1993,Green
bab2c58e-5985-4757-afa8-6866a924325b,2C3CCABG6FH122374,Chevrolet,SSR,2006,Red
cd21ed05-9232-4792-80fa-af7adecf1939,5FRYD4H23EB915386,Saab,9000,1993,Blue
76837e02-921d-4b60-9e98-0bb88395c03f,1FMJK1H5XEE065560,Ford,Escape,2006,Red
89c66ff1-494f-4790-97d5-d0d30e48f65f,1YVHZ8BH0A5061356,Mercury,Milan,2010,Green
bf9e9da7-14a5-440f-9f3e-6cb210da79e7,WAUEF78E16A909877,Bentley,Continental Flying Spur,2009,Mauv
ff0785d0-e98d-4ae4-9870-74674d0b517a,3C6LD5BT3CG844045,Spyker,C8 Spyder,2004,Yellow
228be38e-d4b4-4365-a0d0-9deeaf64a28f,1B3CC4FB1AN967050,Nissan,300ZX,1992,Goldenrod
ac843d6a-b78b-4416-b03c-5129860cbf5d,1N4AL2AP9AN375334,Volvo,V70,2005,Orange
b8efe041-4f9c-47f3-9b3f-942e6f198b78,JTEBU5JR0B5236026,Aston Martin,Vanquish S,2006,Green
7528081a-623b-432a-b18f-988e0ac1f47f,4USBU53506L728811,Chevrolet,Express 2500,2003,Mauv
14d9fcae-55c6-4fc5-968b-eb34213cbf16,WAUDFAFL4EN982064,Subaru,Impreza,2000,Fuscia
69af1e28-af59-4817-ad5d-a4494cae1150,1D4PT7GX3AW801783,Dodge,Grand Caravan,2012,Indigo
fdf6d7b1-3177-415a-9dd6-e501b4dae57b,JM1NC2EF9A0967682,Isuzu,Axiom,2003,Goldenrod
141e3cee-7ef6-49f7-b2cc-f00275226515,WBA1F7C58FV681049,Oldsmobile,Ciera,1994,Teal
d07b22e7-6f36-45dd-9913-de67db2d92e7,2C3CCABG7EH699834,Subaru,Forester,2003,Aquamarine
afe1ef61-7c46-438b-9636-45ba4ddbdaa0,1C3CCBBB3EN008154,Honda,Accord,1991,Violet
0669f46c-851a-4783-8864-eb3ccbcebd06,SCBBB7ZH4EC483571,Cadillac,STS,2011,Green
30d60711-a712-40fb-b57e-295f238057c7,4A31K5DF1CE860813,Suzuki,Esteem,1998,Green
848ce4f8-d9c8-4b01-8293-21525fb7330c,WAUJT64B24N503836,BMW,3 Series,2011,Blue
f0f4aa9c-2575-4d94-b95e-d2fd7a187a03,WAUUL58EX5A012211,Chevrolet,Venture,1998,Goldenrod
aec7096f-11db-45fd-8397-2e48ac6c6948,JN1CV6EKXEM570196,Mercury,Mariner,2009,Teal
ae8c0f0e-a00b-4735-87f0-1489e996f6f6,WAUFEBFMXCA010578,Dodge,Dakota,1992,Aquamarine
99b991a2-c743-4e15-83b3-f6704189a770,1GTC5LF95C8972057,BMW,X3,2009,Fuscia
363b73e0-4bbb-4fc1-82b6-3a5051939fe3,4T1BD1FK1CU047588,GMC,Sonoma Club Coupe,1995,Purple
a5509046-495c-4a73-9a3c-c40bc0a09b34,5N1AN0NW2FN999540,Lincoln,Mark VIII,1995,Aquamarine
4dbbdb9e-a2e4-477d-bedc-ba6f021dc479,JH4KB16657C470519,Mazda,323,1995,Teal
b921dd8d-0b72-4e91-8e45-6ed482a6be65,WBASP4C50BC513508,Lotus,Elan,1991,Mauv
cade753d-8855-4538-9d8f-760587793b7d,WAULT68EX4A693244,BMW,8 Series,1994,Red
7213213e-4fc0-4303-a9be-43fd570ba040,WBAUN135X8V641586,Dodge,Dakota Club,2001,Indigo
60a29775-6d32-4358-acf2-fcd8ebba44b2,1HGCR2E58DA924853,Lotus,Esprit,1987,Yellow
85510f8c-00b2-4b42-8a5a-463ce2fb7d81,1G4GG5G36DF937456,Land Rover,Range Rover Sport,2008,Indigo
825aff0d-57fc-4cd4-85c8-144c4efca067,JH4KB16538C664457,Nissan,Frontier,2010,Pink
eba75d89-e627-4933-b250-de65bfa24b8c,KNDKG3A20A7941205,Maybach,57,2011,Maroon
090b2e0a-d56f-49a9-816f-de742e0f6add,WA1AY74L09D227344,Buick,Skyhawk,1984,Blue
7770c7f1-aef9-4b69-9c4a-fdda85a7569c,2B3CA4CD2AH979132,Audi,TT,2011,Aquamarine
a2866a16-5aee-423c-a7be-87716ffdf56a,3D7JB1EP6BG725973,Mercedes-Benz,500SEL,1992,Puce
27936d79-d98f-41f3-956a-ede06d03e131,WBAKF3C58CE664924,Holden,Monaro,2004,Goldenrod
1cd40297-2532-4220-93ce-0841fb50be65,WAUAT48H25K058021,Pontiac,Grand Prix,1976,Violet
d48e89bf-3266-4aa4-bf6b-80bf685ff238,WBXPA93455W018161,Infiniti,G,1992,Goldenrod
52b611cd-ac6a-46d7-b3c8-18fcf5347aa0,5UMBT93598L603482,Volkswagen,Scirocco,1984,Turquoise
e7b9e4b9-b4dd-4702-9f3e-279cb6c30d56,1FTMF1CW6AK423187,Mercedes-Benz,G-Class,2007,Red
dcd18350-d760-4c71-987a-0864c72cdf1c,1GKUCGEJ9AR315030,Toyota,Celica,1994,Khaki
a6185832-4794-40de-bb46-a540b0cd990d,1G6YX36D085864431,Toyota,Corolla,2000,Purple
c4133c9d-ddaa-47d7-b30b-8aec629fa750,1GYS4CEF6BR326003,Lincoln,Navigator,2008,Blue
b4758c45-e766-43e2-a93a-fe701346bc0b,1G4CW54K914103590,Volkswagen,R32,2004,Mauv
c7759fa9-0aa6-4183-a77e-e924872eaff6,1G4PT5SV0E4547728,Hyundai,Sonata,1995,Fuscia
d184cdde-6597-42ca-bb8f-9d935572ec74,WBALX3C55CD435320,Volkswagen,Tiguan,2012,Goldenrod
e117c834-b49c-4f96-a114-16e173b4d12b,JN8CS1MU8DM886484,BMW,M Roadster,2008,Puce
6340cfab-6812-4338-b2dd-dd978a5fddd1,WBAEN33444P893095,Toyota,Venza,2012,Crimson
e53f372d-77fb-495f-95a5-999ba07bd4a2,1GD21ZCG2DZ019035,Ford,EXP,1988,Aquamarine
62ee0024-f96a-49d6-a879-283c6c47cb5b,JN8AE2KP0C9761840,Subaru,Impreza,2009,Maroon
fa4a3d13-9305-4865-8639-3da0e6b280f4,WBAEH73465C716202,BMW,7 Series,1994,Teal
11b07c5c-2af4-45e6-b7e1-66a237cb6126,WAUFFAFL8EN881604,Ford,Ranger,1998,Goldenrod
4d017592-5192-49f9-b3d4-4a30f4103e15,3GYFNCEY5BS145486,Kia,Mohave/Borrego,2009,Goldenrod
15d5baad-183e-4698-b92a-ce5bac73a9d7,4JGCB2FE0BA505535,Scion,tC,2012,Crimson
40fabd63-4026-40de-a9fb-168afc576ced,WBAAX134X5P395661,Mitsubishi,Lancer Evolution,2003,Khaki
5abe7cdd-e5c7-480b-b104-9698954f7924,JN8AS1MU4AM696717,Dodge,Durango,2009,Fuscia
0c830d3a-8b8e-4856-a3a3-6750b6f6bb36,1FTEW1CF7FK603919,Chevrolet,Camaro,1997,Teal
9c457c2f-9dc1-46b2-a640-f66a0be0e10f,WAUUFAFH3BN872839,Mitsubishi,Chariot,1985,Green
be6b2f75-c839-4cdf-a36e-d1bc36967e36,SALME1D48CA244847,Lincoln,MKS,2012,Goldenrod
867bd93b-4fa5-466b-a15d-cd11d8a5c841,1GYS4LKJ2FR060834,Mitsubishi,Galant,2005,Orange
050cd20f-b4d0-489b-9a4c-983da6c4350d,3N1CN7AP9EL208944,Chevrolet,Silverado 3500,2005,Yellow
efa20620-3232-4817-bd3a-50b260e5e57b,1GKMCAE36AR929838,Audi,4000,1987,Khaki
fcc0a22c-2f25-4f7b-8ec1-e24cb36c2034,1N6AA0CC3CN013871,Mazda,626,1997,Puce
0ee77a15-13fb-44c8-b298-e2d0e1e442b5,WBADN63431G225362,Nissan,Pathfinder,2005,Orange
26caa82c-7680-4459-b05e-636f1fa12c47,3C6JD7DP2CG677079,Chevrolet,Traverse,2012,Pink
81ef60b9-be7a-4579-9371-f135d2e63ca2,2LMHJ5AT3CB075879,Chevrolet,Tahoe,1999,Violet
a9d73b54-6b0c-4ed7-ac34-582d07266c5d,WAULD64B72N003349,Hyundai,Tiburon,2004,Khaki
836b33ce-07e2-4664-82ed-aaad1b4936bf,1GKS1EEF1DR178098,Chevrolet,S10,1998,Khaki
b3561c5d-a30f-49bf-ab5a-f0f4bd2b5eab,TRUTC28N351622521,Nissan,JUKE,2012,Teal
9248a32a-29d2-47ac-a6cf-e724b5c020b5,JN1CV6EK9EM256815,Dodge,Ram 1500,2006,Blue
c84d1369-8544-49dd-ba64-1776f9e1d28b,2HNYD18793H962841,Dodge,Journey,2009,Teal
0a69994a-ab73-4dfd-b34d-005f5de9bba0,5J6TF2H51DL107208,Pontiac,Trans Sport,1991,Red
c4046676-a5ef-4def-8bc3-bb63db6130f5,WBA3B3C54FJ345659,Porsche,Cayenne,2005,Fuscia
fff220ad-c287-4c6b-b479-bce9ba2fc361,WAUHF78P28A234719,BMW,X6,2013,Green
cb78a47c-4374-44b2-9e6e-aff5654c3614,WAUJC58E95A906901,Maserati,Biturbo,1986,Green
95a8a428-017b-4ccc-93cd-3a40228e35b9,2T1BURHE8EC414206,Chevrolet,Monte Carlo,2006,Orange
43dca0f2-9531-46c3-9c51-db6d1b88edd7,JN1CV6AP9DM230750,Ford,Escape,2010,Puce
9458ffc9-b0db-4984-b384-666c09d131b0,1FTEW1CW9AK088172,Chevrolet,Silverado 3500,2010,Aquamarine
1761ca58-5f5b-473a-91bf-c146116b8ab8,WAUDGBFL8AA462924,Oldsmobile,98,1995,Puce
3c1b4549-855e-4e63-b12a-a9ca516dac92,1C4AJWAGXFL264933,Toyota,Sienna,2011,Orange
df39f186-d895-4181-93f4-b1efdce79b72,TRUWX28N021120630,Mazda,626,1983,Goldenrod
f712aa82-8b64-48bc-98e6-b22382a98a67,5J8TB3H57GL709852,Volkswagen,GTI,1999,Yellow
f200cebd-d007-42f4-8a72-7e209208d1fe,1G6DL5E39D0808476,Plymouth,Colt Vista,1993,Teal
b35e9e0a-4eb3-4920-b1bf-064c5a628361,WAUJC68E24A614138,Spyker,C8,2007,Yellow
0b0ee515-851f-46b3-8e57-fc3d5ba04f1b,WAULC68E42A050871,Mitsubishi,Montero,1995,Aquamarine
b46c6540-7e5b-4592-862b-f81568347287,WAULT68E75A078751,Volkswagen,Golf,1990,Crimson
042593d2-85f7-42d0-959f-ed4c7e66b8a5,1FMJU1F55AE821450,Toyota,Supra,1993,Crimson
6f099cd1-7220-47cc-bc7f-28a0aac1ec4e,WVGAV3AX4EW742114,Oldsmobile,Silhouette,1998,Fuscia
49af5190-4a82-4061-9b1b-b2ad8a1c0242,1GD322CG8EF144276,Mazda,CX-9,2012,Maroon
fc570001-2e00-4e7c-b36e-29ae5e5fd7da,4F2CY0C76AK306026,Cadillac,Escalade ESV,2006,Green
0b39d76a-31e0-4e31-9c8d-c001428b3915,WA1YD54B25N599438,Mitsubishi,Pajero,2002,Crimson
712c2c26-fd18-40d5-b27f-c77ae80553c6,KMHTC6AD5DU575021,Chevrolet,Sportvan G20,1993,Turquoise
09426cc2-dd52-40af-b649-40a136fa6777,5N1AA0NC8FN139465,GMC,Envoy XUV,2004,Teal
860000f4-55a1-45b8-b424-5316ed1554a1,WBANV9C52AC029483,Lexus,SC,2000,Teal
ccc7efde-90ec-45a5-b7a2-b6ad37393b81,WDBSK7AA6CF309085,Lexus,ES,2008,Green
a866d3d0-b621-4767-ad0c-1bbccbbb6e47,1GD422CG0EF502734,Mitsubishi,Lancer,2012,Fuscia
8568b834-555c-4f26-b4c6-28c81ef8863d,3FADP0L35BR843963,Oldsmobile,LSS,1999,Turquoise
6d8f10a8-08c6-4b42-b2eb-5a6113b2b072,JH4CW2H50BC040618,Volvo,V70,2002,Violet
c7ac19b7-5aa7-4a72-ad60-0f5bdc3f7953,WAUEG94F26N197914,Mercedes-Benz,M-Class,2003,Red
16fc362a-6a2e-4fee-bd3e-8b3202f3b033,WAUBF48H08K980514,Saturn,Relay,2006,Green
3a5a9c2f-2674-42f1-98c8-74c43ce2fe9a,1C4AJWAG1EL526370,Saab,900,1998,Turquoise
8a7893f9-cec3-4026-8104-132b1c5f5014,JN8AF5MV6FT413770,Honda,Pilot,2006,Violet
05c7a95a-31f1-4e86-893d-8a2ff28690bc,4A31K3DT4BE830407,Cadillac,DeVille,1997,Goldenrod
4baed902-a537-4239-b714-b39a4ca6d5df,ZFF75VFA8F0120216,Mercedes-Benz,E-Class,2001,Orange
640b8e88-b077-4dcd-add0-ef67e5b396ce,5UXFG4C55AL805947,Lexus,GX,2006,Red
7f26994b-3f12-4d97-b806-899c79b35e8d,WAULD54B12N971585,Dodge,Ram Wagon B350,1993,Teal
54c7de1c-1e57-4a55-a2f1-98f6a376342a,1G6YX36D195249520,GMC,Sonoma Club Coupe,1998,Fuscia
f40590ef-5a97-420d-b8d4-45a419351f8c,JA4AP3AU0CZ122290,Kia,Rondo,2007,Indigo
8775629d-a396-40e5-a3de-54021fe9388d,WBA3B9C52FJ077729,Mazda,Miata MX-5,2010,Maroon
fec8e409-47ba-4776-9b6c-c5382941a08b,2LMHJ5AT8EB779921,Pontiac,Grand Am,1991,Pink
67c9721f-2813-454e-bd65-9aab372d5ec8,1FMJK1H51DE751503,Chevrolet,Suburban 1500,2004,Turquoise
